# Blender v3.1.2 OBJ File: 'doot.blend'
# www.blender.org
mtllib doot.mtl
o Trumpet
v -3.821599 0.483520 0.240190
v -3.587492 0.483520 0.240190
v -3.821599 0.400751 0.274474
v -3.587492 0.400751 0.274474
v -3.821599 0.366467 0.357243
v -3.587492 0.366467 0.357243
v -3.821599 0.400751 0.440012
v -3.587492 0.400751 0.440012
v -3.821599 0.483520 0.474296
v -3.587492 0.483521 0.474296
v -3.821599 0.566290 0.440012
v -3.587492 0.566290 0.440012
v -3.821599 0.600574 0.357243
v -3.587492 0.600574 0.357243
v -3.821599 0.566290 0.274474
v -3.587492 0.566290 0.274474
v -3.560374 0.483520 0.252455
v -3.560374 0.409424 0.283147
v -3.560374 0.378732 0.357243
v -3.560374 0.409424 0.431340
v -3.560374 0.483521 0.462031
v -3.560374 0.557617 0.431340
v -3.560374 0.588309 0.357243
v -3.560374 0.557617 0.283147
v -2.952933 0.483521 0.252455
v -2.952933 0.409424 0.283147
v -2.952933 0.378732 0.357243
v -2.952933 0.409424 0.431340
v -2.952933 0.483521 0.462031
v -2.952933 0.557617 0.431340
v -2.952933 0.588309 0.357243
v -2.952933 0.557617 0.283147
v -2.924459 0.483521 0.260723
v -2.924459 0.415270 0.288993
v -2.924459 0.387000 0.357243
v -2.924459 0.415270 0.425493
v -2.924459 0.483521 0.453764
v -2.924459 0.551771 0.425493
v -2.924459 0.580041 0.357243
v -2.924459 0.551771 0.288993
v 0.757650 0.483521 0.260723
v 0.757650 0.415271 0.288993
v 0.757650 0.387001 0.357243
v 0.757650 0.415271 0.425493
v 0.757650 0.483521 0.453764
v 0.757650 0.551771 0.425493
v 0.757650 0.580041 0.357243
v 0.757650 0.551771 0.288993
v 0.771708 0.483521 0.253859
v 0.771708 0.410417 0.284140
v 0.771708 0.380137 0.357243
v 0.771708 0.410417 0.430347
v 0.771708 0.483521 0.460627
v 0.771708 0.556624 0.430347
v 0.771708 0.586905 0.357243
v 0.771708 0.556624 0.284140
v 2.254820 0.483520 0.253859
v 2.254820 0.410416 0.284140
v 2.254820 0.380136 0.357243
v 2.254820 0.410416 0.430347
v 2.254820 0.483520 0.460627
v 2.254820 0.556623 0.430347
v 2.254820 0.586904 0.357243
v 2.254820 0.556623 0.284140
v 2.271221 0.483520 0.241057
v 2.271221 0.401364 0.275087
v 2.271221 0.367334 0.357243
v 2.271221 0.401364 0.439399
v 2.271221 0.483520 0.473429
v 2.271221 0.565675 0.439399
v 2.271221 0.599706 0.357243
v 2.271221 0.565675 0.275087
v 2.439916 0.483519 0.241057
v 2.439916 0.401364 0.275087
v 2.439916 0.367334 0.357243
v 2.439916 0.401364 0.439399
v 2.439916 0.483519 0.473429
v 2.439916 0.565675 0.439399
v 2.439916 0.599705 0.357243
v 2.439916 0.565675 0.275087
v 2.458661 0.483519 0.254434
v 2.458661 0.410823 0.284546
v 2.458661 0.380711 0.357243
v 2.458661 0.410823 0.429940
v 2.458661 0.483519 0.460052
v 2.458661 0.556216 0.429940
v 2.458661 0.586328 0.357243
v 2.458661 0.556216 0.284546
v 0.089928 -0.745842 0.248057
v 2.231427 -0.745842 0.248057
v 0.089928 -0.823049 0.280037
v 2.231427 -0.823049 0.280037
v 0.089928 -0.855029 0.357243
v 2.231427 -0.855029 0.357243
v 0.089928 -0.823049 0.434450
v 2.231427 -0.823049 0.434450
v 0.089928 -0.745842 0.466430
v 2.231427 -0.745842 0.466430
v 0.089928 -0.668636 0.434450
v 2.231427 -0.668636 0.434450
v 0.089928 -0.636656 0.357243
v 2.231427 -0.636656 0.357243
v 0.089928 -0.668636 0.280037
v 2.231427 -0.668636 0.280037
v 2.255833 -0.745842 0.237954
v 2.255833 -0.830193 0.272893
v 2.255833 -0.865132 0.357243
v 2.255833 -0.830193 0.441594
v 2.255833 -0.745842 0.476533
v 2.255833 -0.661492 0.441594
v 2.255833 -0.626553 0.357243
v 2.255833 -0.661492 0.272893
v 2.421795 -0.745842 0.237954
v 2.421795 -0.830193 0.272893
v 2.421794 -0.865132 0.357243
v 2.421795 -0.830193 0.441594
v 2.421795 -0.745842 0.476533
v 2.421795 -0.661492 0.441594
v 2.421795 -0.626553 0.357243
v 2.421795 -0.661492 0.272893
v 2.442947 -0.745842 0.253583
v 2.442947 -0.819142 0.283944
v 2.442946 -0.849503 0.357243
v 2.442947 -0.819142 0.430542
v 2.442947 -0.672543 0.430542
v 2.442947 -0.642182 0.357243
v 2.442947 -0.672543 0.283944
v 0.050566 -0.745842 0.234599
v 0.050566 -0.832565 0.270521
v 0.050566 -0.868487 0.357243
v 0.050566 -0.832565 0.443966
v 0.050566 -0.745842 0.479888
v 0.050566 -0.659120 0.443966
v 0.050566 -0.623198 0.357243
v 0.050566 -0.659120 0.270521
v 0.028073 -0.745842 0.234599
v 0.028073 -0.832565 0.270521
v 0.028073 -0.868487 0.357243
v 0.028073 -0.832565 0.443966
v 0.028073 -0.745842 0.479888
v 0.028073 -0.659120 0.443966
v 0.028073 -0.623198 0.357243
v 0.028073 -0.659120 0.270521
v 0.008392 -0.745842 0.241331
v 0.008392 -0.827805 0.275281
v 0.008392 -0.861755 0.357243
v 0.008392 -0.827805 0.439206
v 0.008392 -0.745842 0.473156
v 0.008392 -0.663880 0.439206
v 0.008392 -0.629930 0.357243
v 0.008392 -0.663880 0.275281
v -2.202742 -0.658932 0.270751
v -2.202742 -0.572439 0.234925
v -2.188098 -0.572439 0.244096
v -1.460666 -0.572439 0.244096
v -2.188098 -0.652446 0.277236
v -1.460666 -0.652446 0.277236
v -2.188098 -0.685586 0.357243
v -1.460666 -0.685586 0.357243
v -2.188098 -0.652446 0.437250
v -1.460666 -0.652446 0.437250
v -2.188098 -0.572439 0.470390
v -1.460666 -0.572439 0.470390
v -2.188098 -0.492433 0.437250
v -1.460666 -0.492432 0.437250
v -2.188098 -0.459293 0.357243
v -1.460666 -0.459293 0.357243
v -2.188098 -0.492433 0.277236
v -1.460666 -0.492432 0.277236
v -2.202742 -0.694758 0.357243
v -2.202742 -0.658932 0.443736
v -2.202742 -0.572439 0.479562
v -2.202742 -0.485947 0.443736
v -2.202742 -0.450121 0.357243
v -2.202742 -0.485947 0.270751
v -2.233657 -0.658932 0.270751
v -2.233657 -0.572439 0.234925
v -2.233657 -0.694758 0.357243
v -2.233657 -0.658932 0.443736
v -2.233657 -0.572439 0.479562
v -2.233657 -0.485947 0.443736
v -2.233656 -0.450121 0.357243
v -2.233657 -0.485947 0.270751
v -2.243419 -0.653255 0.276428
v -2.243419 -0.572439 0.242953
v -2.243419 -0.686730 0.357243
v -2.243419 -0.653255 0.438059
v -2.243419 -0.572439 0.471534
v -2.243419 -0.491624 0.438059
v -2.243419 -0.458149 0.357243
v -2.243419 -0.491624 0.276428
v -1.439514 -0.572439 0.236296
v -1.439514 -0.657962 0.271721
v -1.439514 -0.693386 0.357243
v -1.439514 -0.657962 0.442766
v -1.439514 -0.572439 0.478190
v -1.439514 -0.486917 0.442766
v -1.439514 -0.451492 0.357243
v -1.439514 -0.486917 0.271721
v -1.328873 -0.572439 0.236296
v -1.328873 -0.657962 0.271721
v -1.328873 -0.693386 0.357243
v -1.328873 -0.657962 0.442766
v -1.328873 -0.572439 0.478190
v -1.328873 -0.486917 0.442766
v -1.328873 -0.451492 0.357243
v -1.328873 -0.486917 0.271721
v -1.306093 -0.572439 0.245597
v -1.306093 -0.651386 0.278297
v -1.306093 -0.684086 0.357243
v -1.306093 -0.651386 0.436189
v -1.306093 -0.572439 0.468890
v -1.306093 -0.493493 0.436189
v -1.306093 -0.460793 0.357243
v -1.306093 -0.493493 0.278297
v -2.084333 -0.913475 0.245114
v -1.384747 -0.913475 0.245114
v -2.084333 -0.992762 0.277956
v -1.384747 -0.992762 0.277956
v -2.084333 -1.025604 0.357243
v -1.384747 -1.025604 0.357243
v -2.084333 -0.992762 0.436531
v -1.384747 -0.992762 0.436531
v -2.084333 -0.913475 0.469373
v -1.384747 -0.913475 0.469373
v -2.084333 -0.834187 0.436531
v -1.384747 -0.834187 0.436531
v -2.084333 -0.801345 0.357243
v -1.384747 -0.801345 0.357243
v -2.084333 -0.834187 0.277956
v -1.384747 -0.834187 0.277956
v -2.105484 -0.913475 0.236261
v -2.105484 -0.999022 0.271696
v -2.105484 -1.034457 0.357243
v -2.105484 -0.999022 0.442791
v -2.105484 -0.913475 0.478226
v -2.105484 -0.827927 0.442791
v -2.105484 -0.792492 0.357243
v -2.105484 -0.827927 0.271696
v -2.221007 -0.913475 0.236261
v -2.221007 -0.999022 0.271696
v -2.221007 -1.034457 0.357243
v -2.221007 -0.999022 0.442791
v -2.221007 -0.913475 0.478226
v -2.221007 -0.827927 0.442791
v -2.221007 -0.792492 0.357243
v -2.221007 -0.827927 0.271696
v -2.240532 -0.913475 0.244056
v -2.240532 -0.993510 0.277208
v -2.240532 -1.026662 0.357243
v -2.240532 -0.993510 0.437279
v -2.240532 -0.913475 0.470431
v -2.240532 -0.833439 0.437279
v -2.240532 -0.833439 0.277208
v -1.366849 -0.913475 0.238541
v -1.366849 -0.997410 0.273308
v -1.366849 -1.032176 0.357243
v -1.366849 -0.997410 0.441178
v -1.366849 -0.913475 0.475945
v -1.366849 -0.829540 0.441178
v -1.366849 -0.794773 0.357243
v -1.366849 -0.829540 0.273308
v -1.246445 -0.913475 0.238541
v -1.246445 -0.997409 0.273308
v -1.246445 -1.032176 0.357243
v -1.246445 -0.997410 0.441178
v -1.246445 -0.913475 0.475945
v -1.246445 -0.829540 0.441178
v -1.246445 -0.794773 0.357243
v -1.246445 -0.829540 0.273308
v -1.226920 -0.913475 0.247084
v -1.226920 -0.991369 0.279349
v -1.226920 -1.023633 0.357243
v -1.226920 -0.991369 0.435137
v -1.226920 -0.913475 0.467402
v -1.226920 -0.835580 0.435138
v -1.226920 -0.803316 0.357243
v -1.226920 -0.835580 0.279349
v 2.325259 0.215371 0.320146
v -0.084387 -0.987606 -0.079726
v 2.351491 0.215371 0.331012
v -0.098066 -0.907880 0.112749
v 2.362357 0.215371 0.357243
v -0.645650 -0.638862 -0.154968
v 2.351491 0.215371 0.383475
v -0.084387 -0.828155 0.079726
v 2.325259 0.215371 0.394341
v -0.545259 -0.863925 -0.105972
v 2.299027 0.215371 0.383475
v 2.288162 0.215371 0.357243
v -0.084387 -0.591172 0.079726
v 2.299027 0.215371 0.331012
v 2.325259 0.187710 0.327442
v 2.346332 0.187710 0.336171
v 2.355061 0.187710 0.357243
v 2.346332 0.187710 0.378316
v 2.325259 0.187710 0.387044
v 2.304186 0.187710 0.378316
v 2.295458 0.187710 0.357243
v 2.304186 0.187710 0.336171
v 2.325259 -0.435460 0.327442
v 2.346332 -0.435460 0.336171
v 2.355061 -0.435460 0.357243
v 2.346332 -0.435460 0.378316
v 2.325259 -0.435460 0.387044
v 2.304186 -0.435460 0.378316
v 2.295458 -0.435460 0.357243
v 2.304186 -0.435460 0.336171
v 2.325259 -0.461493 0.314436
v 2.355528 -0.461493 0.326974
v 2.368067 -0.461493 0.357243
v 2.355528 -0.461493 0.387512
v 2.325259 -0.461493 0.400050
v 2.294990 -0.461493 0.387512
v 2.282453 -0.461493 0.357243
v 2.294990 -0.461493 0.326974
v -0.598874 -0.569624 -0.135593
v -0.610546 -0.821661 -0.140428
v -1.113886 -1.018760 0.162522
v -0.084387 -0.431721 -0.079726
v -0.051364 -0.398697 -0.000000
v -1.100190 -0.465165 0.156849
v -0.213886 0.063839 -0.180274
v -0.213886 0.646754 -0.180274
v -0.086412 0.063839 -0.127473
v -0.086412 0.646754 -0.127473
v -0.033612 0.063839 0.000000
v -0.033612 0.646754 0.000000
v -0.086412 0.063839 0.127473
v -0.086412 0.646754 0.127473
v -0.213886 0.063839 0.180274
v -0.213886 0.646754 0.180274
v -0.341359 0.063839 0.127473
v -0.341359 0.646754 0.127473
v -0.394160 0.063839 -0.000000
v -0.394160 0.646754 -0.000000
v -0.341359 0.063839 -0.127473
v -0.341359 0.646754 -0.127473
v -0.213886 0.009603 -0.162522
v -0.098965 0.009603 -0.114920
v -0.051364 0.009603 -0.000000
v -0.098965 0.009603 0.114920
v -0.213886 0.009603 0.162522
v -0.328807 0.009603 0.114920
v -0.376408 0.009603 -0.000000
v -0.328807 0.009603 -0.114920
v -0.213886 -1.444550 -0.162522
v -0.098965 -1.444550 -0.114920
v -0.051364 -1.444550 -0.000000
v -0.098965 -1.444550 0.114920
v -0.213886 -1.444550 0.162522
v -0.328807 -1.444550 0.114920
v -0.376408 -1.444550 -0.000000
v -0.328807 -1.444550 -0.114920
v -0.213886 -1.456791 -0.197147
v -0.074482 -1.456791 -0.139404
v -0.016740 -1.456791 0.000000
v -0.074482 -1.456791 0.139404
v -0.213886 -1.456791 0.197147
v -0.353290 -1.456791 0.139404
v -0.411033 -1.456790 -0.000000
v -0.353290 -1.456791 -0.139404
v -0.213886 -1.502929 -0.197147
v -0.074482 -1.502929 -0.139404
v -0.016740 -1.502929 0.000000
v -0.074482 -1.502929 0.139404
v -0.213886 -1.502929 0.197147
v -0.353290 -1.502929 0.139404
v -0.411033 -1.502928 -0.000000
v -0.353290 -1.502929 -0.139404
v -0.213886 -1.517994 -0.162093
v -0.099268 -1.517994 -0.114617
v -0.051793 -1.517994 0.000000
v -0.099268 -1.517994 0.114617
v -0.213886 -1.517994 0.162093
v -0.328504 -1.517994 0.114617
v -0.375979 -1.517994 -0.000000
v -0.328504 -1.517994 -0.114617
v -0.213886 -1.550536 -0.162093
v -0.099268 -1.550536 -0.114617
v -0.051793 -1.550536 0.000000
v -0.099268 -1.550536 0.114617
v -0.213886 -1.550536 0.162093
v -0.328504 -1.550536 0.114617
v -0.375979 -1.550535 -0.000000
v -0.328504 -1.550536 -0.114617
v -0.213886 0.646754 -0.212462
v -0.063652 0.646754 -0.150234
v -0.001424 0.646754 0.000000
v -0.063652 0.646754 0.150234
v -0.213886 0.646754 0.212462
v -0.364120 0.646754 0.150234
v -0.426348 0.646754 -0.000000
v -0.364120 0.646754 -0.150234
v -0.213886 0.719386 -0.212462
v -0.063652 0.719386 -0.150234
v -0.001424 0.719386 0.000000
v -0.063652 0.719386 0.150234
v -0.213886 0.719386 0.212462
v -0.364120 0.719386 0.150234
v -0.426348 0.719386 -0.000000
v -0.364120 0.719386 -0.150234
v -0.663886 0.063839 -0.180274
v -0.663886 0.646754 -0.180274
v -0.536412 0.063839 -0.127473
v -0.536412 0.646754 -0.127473
v -0.483612 0.063839 0.000000
v -0.483612 0.646754 0.000000
v -0.536412 0.063839 0.127473
v -0.536412 0.646754 0.127473
v -0.663886 0.063839 0.180274
v -0.663886 0.646754 0.180274
v -0.791359 0.063839 0.127473
v -0.791359 0.646754 0.127473
v -0.844160 0.063839 -0.000000
v -0.844160 0.646754 -0.000000
v -0.791359 0.063839 -0.127473
v -0.791359 0.646754 -0.127473
v -0.663886 0.009603 -0.162522
v -0.548965 0.009603 -0.114920
v -0.501364 0.009603 -0.000000
v -0.548965 0.009603 0.114920
v -0.663886 0.009603 0.162522
v -0.778806 0.009603 0.114920
v -0.826408 0.009603 -0.000000
v -0.778806 0.009603 -0.114920
v -0.663886 -1.444550 -0.162522
v -0.548965 -1.444550 -0.114920
v -0.501364 -1.444550 -0.000000
v -0.548965 -1.444550 0.114920
v -0.663886 -1.444550 0.162522
v -0.778807 -1.444550 0.114920
v -0.826408 -1.444550 -0.000000
v -0.778807 -1.444550 -0.114920
v -0.663886 -1.456791 -0.197147
v -0.524482 -1.456791 -0.139404
v -0.466740 -1.456791 0.000000
v -0.524482 -1.456791 0.139404
v -0.663886 -1.456791 0.197147
v -0.803290 -1.456791 0.139404
v -0.861033 -1.456790 -0.000000
v -0.803290 -1.456791 -0.139404
v -0.663886 -1.502929 -0.197147
v -0.524482 -1.502929 -0.139404
v -0.466740 -1.502929 0.000000
v -0.524482 -1.502929 0.139404
v -0.663886 -1.502929 0.197147
v -0.803290 -1.502929 0.139404
v -0.861033 -1.502928 -0.000000
v -0.803290 -1.502929 -0.139404
v -0.663886 -1.517994 -0.162093
v -0.549268 -1.517994 -0.114617
v -0.501793 -1.517994 0.000000
v -0.549268 -1.517994 0.114617
v -0.663886 -1.517994 0.162093
v -0.778504 -1.517994 0.114617
v -0.825979 -1.517994 -0.000000
v -0.778504 -1.517994 -0.114617
v -0.663886 -1.550536 -0.162093
v -0.549268 -1.550536 -0.114617
v -0.501793 -1.550536 0.000000
v -0.549268 -1.550536 0.114617
v -0.663886 -1.550536 0.162093
v -0.778504 -1.550536 0.114617
v -0.825979 -1.550535 -0.000000
v -0.778504 -1.550536 -0.114617
v -0.663886 0.646754 -0.212462
v -0.513652 0.646754 -0.150234
v -0.451424 0.646754 0.000000
v -0.513652 0.646754 0.150234
v -0.663886 0.646754 0.212462
v -0.814120 0.646754 0.150234
v -0.876348 0.646754 -0.000000
v -0.814120 0.646754 -0.150234
v -0.663886 0.719386 -0.212462
v -0.513652 0.719386 -0.150234
v -0.451424 0.719386 0.000000
v -0.513652 0.719386 0.150234
v -0.663886 0.719386 0.212462
v -0.814120 0.719386 0.150234
v -0.876348 0.719386 -0.000000
v -0.814120 0.719386 -0.150234
v -1.113886 0.063839 -0.180274
v -1.113886 0.646754 -0.180274
v -0.986412 0.063839 -0.127473
v -0.986412 0.646754 -0.127473
v -0.933612 0.063839 0.000000
v -0.933612 0.646754 0.000000
v -0.986412 0.063839 0.127473
v -0.986412 0.646754 0.127473
v -1.113886 0.063839 0.180274
v -1.113886 0.646754 0.180274
v -1.241359 0.063839 0.127473
v -1.241359 0.646754 0.127473
v -1.294160 0.063839 -0.000000
v -1.294160 0.646754 -0.000000
v -1.241359 0.063839 -0.127473
v -1.241359 0.646754 -0.127473
v -1.113886 0.009603 -0.162522
v -0.998965 0.009603 -0.114920
v -0.951364 0.009603 -0.000000
v -0.998965 0.009603 0.114920
v -1.113886 0.009603 0.162522
v -1.228806 0.009603 0.114920
v -1.276408 0.009603 -0.000000
v -1.228806 0.009603 -0.114920
v -1.113886 -1.444550 -0.162522
v -0.998965 -1.444550 -0.114920
v -0.951365 -1.444550 -0.000000
v -0.998965 -1.444550 0.114920
v -1.113886 -1.444550 0.162522
v -1.228807 -1.444550 0.114920
v -1.276408 -1.444550 -0.000000
v -1.228807 -1.444550 -0.114920
v -1.113886 -1.456791 -0.197147
v -0.974482 -1.456791 -0.139404
v -0.916740 -1.456791 0.000000
v -0.974482 -1.456791 0.139404
v -1.113886 -1.456791 0.197147
v -1.253290 -1.456791 0.139404
v -1.311033 -1.456790 -0.000000
v -1.253290 -1.456791 -0.139404
v -1.113886 -1.502929 -0.197147
v -0.974482 -1.502929 -0.139404
v -0.916740 -1.502929 0.000000
v -0.974482 -1.502929 0.139404
v -1.113886 -1.502929 0.197147
v -1.253290 -1.502929 0.139404
v -1.311033 -1.502928 -0.000000
v -1.253290 -1.502929 -0.139404
v -1.113886 -1.517994 -0.162093
v -0.999268 -1.517994 -0.114617
v -0.951793 -1.517994 0.000000
v -0.999268 -1.517994 0.114617
v -1.113886 -1.517994 0.162093
v -1.228503 -1.517994 0.114617
v -1.275979 -1.517994 -0.000000
v -1.228503 -1.517994 -0.114617
v -1.113886 -1.550536 -0.162093
v -0.999268 -1.550536 -0.114617
v -0.951793 -1.550536 0.000000
v -0.999268 -1.550536 0.114617
v -1.113886 -1.550536 0.162093
v -1.228503 -1.550536 0.114617
v -1.275979 -1.550535 -0.000000
v -1.228503 -1.550536 -0.114617
v -1.113886 0.646754 -0.212462
v -0.963652 0.646754 -0.150234
v -0.901424 0.646754 0.000000
v -0.963652 0.646754 0.150234
v -1.113886 0.646754 0.212462
v -1.264120 0.646754 0.150234
v -1.326349 0.646754 -0.000000
v -1.264120 0.646754 -0.150234
v -1.113886 0.719386 -0.212462
v -0.963652 0.719386 -0.150234
v -0.901424 0.719386 0.000000
v -0.963652 0.719386 0.150234
v -1.113886 0.719386 0.212462
v -1.264120 0.719386 0.150234
v -1.326349 0.719386 -0.000000
v -1.264120 0.719386 -0.150234
v 0.213713 -0.591172 -0.079726
v 0.213713 -0.511446 -0.112749
v 0.238998 -0.511446 -0.103876
v 1.954182 -0.511446 -0.103876
v 0.238998 -0.584898 -0.073452
v 1.954182 -0.584898 -0.073452
v 0.238998 -0.615323 -0.000000
v 1.954182 -0.615322 -0.000000
v 0.238998 -0.584898 0.073452
v 1.954182 -0.584898 0.073452
v 0.238998 -0.511446 0.103876
v 1.954182 -0.511446 0.103876
v 0.238998 -0.437995 0.073452
v 1.954182 -0.437995 0.073452
v 0.238998 -0.407570 -0.000000
v 1.954182 -0.407570 -0.000000
v 0.238998 -0.437995 -0.073452
v 1.954182 -0.437995 -0.073452
v 0.213713 -0.624195 -0.000000
v 0.213713 -0.591172 0.079726
v 0.213713 -0.511446 0.112749
v 0.213713 -0.431721 0.079726
v 0.213713 -0.398697 -0.000000
v 0.213713 -0.431721 -0.079726
v 1.965244 -0.511446 -0.115445
v 1.965244 -0.593078 -0.081632
v 1.965244 -0.626891 -0.000000
v 1.965244 -0.593078 0.081632
v 1.965244 -0.511446 0.115445
v 1.965244 -0.429815 0.081632
v 1.965244 -0.396002 -0.000000
v 1.965244 -0.429815 -0.081632
v 1.988948 -0.511446 -0.115445
v 1.988948 -0.593078 -0.081632
v 1.988948 -0.626891 -0.000000
v 1.988948 -0.593078 0.081632
v 1.988948 -0.511446 0.115445
v 1.988948 -0.429815 0.081632
v 1.988948 -0.396002 -0.000000
v 1.988948 -0.429815 -0.081632
v 2.001590 -0.511446 -0.105487
v 2.001590 -0.586037 -0.074591
v 2.001590 -0.616933 -0.000000
v 2.001590 -0.586037 0.074591
v 2.001590 -0.511446 0.105487
v 2.001590 -0.436855 0.074591
v 2.001590 -0.405959 -0.000000
v 2.001590 -0.436855 -0.074591
v 0.213713 -0.987606 -0.079726
v 0.213713 -0.907880 -0.112749
v 0.238998 -0.907880 -0.103876
v 1.954182 -0.907880 -0.103876
v 0.238998 -0.981332 -0.073452
v 1.954182 -0.981332 -0.073452
v 0.238998 -1.011757 -0.000000
v 1.954182 -1.011757 -0.000000
v 0.238998 -0.981332 0.073452
v 1.954182 -0.981332 0.073452
v 0.238998 -0.907880 0.103876
v 1.954182 -0.907880 0.103876
v 0.238998 -0.834429 0.073452
v 1.954182 -0.834429 0.073452
v 0.238998 -0.804004 -0.000000
v 1.954182 -0.804004 -0.000000
v 0.238998 -0.834429 -0.073452
v 1.954182 -0.834429 -0.073452
v 0.213713 -1.020630 -0.000000
v 0.213713 -0.987606 0.079726
v 0.213713 -0.907880 0.112749
v 0.213713 -0.828155 0.079726
v 0.213713 -0.795131 -0.000000
v 0.213713 -0.828155 -0.079726
v -0.717524 -0.471707 -0.140305
v 1.965244 -0.907880 -0.115445
v 1.965244 -0.989512 -0.081632
v 1.965244 -1.023325 -0.000000
v 1.965244 -0.989512 0.081632
v 1.965244 -0.907880 0.115445
v 1.965244 -0.826249 0.081632
v 1.965244 -0.792436 -0.000000
v 1.965244 -0.826249 -0.081632
v 1.988948 -0.907880 -0.115445
v 1.988948 -0.989512 -0.081632
v 1.988948 -1.023325 -0.000000
v 1.988948 -0.989512 0.081632
v 1.988948 -0.907880 0.115445
v 1.988948 -0.826248 0.081632
v 1.988948 -0.792436 -0.000000
v 1.988948 -0.826248 -0.081632
v 2.001590 -0.982471 -0.074591
v 2.001590 -1.013368 -0.000000
v 2.001590 -0.982471 0.074591
v 2.001590 -0.833289 0.074591
v 2.001590 -0.802393 -0.000000
v 2.001590 -0.833289 -0.074591
v -0.483607 -0.296052 -0.046936
v -0.483607 -0.249116 -0.066378
v -0.479841 -0.249116 -0.039103
v -0.401636 -0.249116 -0.039103
v -0.479841 -0.276766 -0.027650
v -0.401636 -0.276766 -0.027650
v -0.479841 -0.288219 -0.000000
v -0.401636 -0.288219 -0.000000
v -0.479841 -0.276766 0.027650
v -0.401636 -0.276766 0.027650
v -0.479841 -0.249116 0.039102
v -0.401636 -0.249116 0.039102
v -0.479841 -0.221467 0.027650
v -0.401636 -0.221467 0.027650
v -0.479841 -0.210014 -0.000000
v -0.401636 -0.210014 -0.000000
v -0.479841 -0.221467 -0.027650
v -0.401636 -0.221467 -0.027650
v -0.483607 -0.315494 -0.000000
v -0.483607 -0.296052 0.046936
v -0.483607 -0.249116 0.066378
v -0.483607 -0.202180 0.046936
v -0.483607 -0.182738 -0.000000
v -0.483607 -0.202180 -0.046936
v -0.397869 -0.249116 -0.067066
v -0.397869 -0.296539 -0.047423
v -0.397869 -0.316182 -0.000000
v -0.397869 -0.296539 0.047423
v -0.397869 -0.249116 0.067066
v -0.397869 -0.201693 0.047423
v -0.397869 -0.182050 -0.000000
v -0.397869 -0.201693 -0.047423
v -0.483607 -1.223486 -0.046936
v -0.483607 -1.176550 -0.066378
v -0.479840 -1.176550 -0.039103
v -0.401635 -1.176550 -0.039103
v -0.479840 -1.204199 -0.027650
v -0.401635 -1.204199 -0.027650
v -0.479840 -1.215652 -0.000000
v -0.401635 -1.215652 -0.000000
v -0.479840 -1.204199 0.027650
v -0.401635 -1.204199 0.027650
v -0.479840 -1.176550 0.039102
v -0.401635 -1.176550 0.039102
v -0.479840 -1.148900 0.027650
v -0.401635 -1.148900 0.027650
v -0.479840 -1.137447 -0.000000
v -0.401635 -1.137447 -0.000000
v -0.479840 -1.148900 -0.027650
v -0.401635 -1.148900 -0.027650
v -0.483607 -1.242928 -0.000000
v -0.483607 -1.223486 0.046936
v -0.483607 -1.176550 0.066378
v -0.483607 -1.129614 0.046936
v -0.483607 -1.110172 -0.000000
v -0.483607 -1.129614 -0.046936
v -0.970806 -1.223486 0.046936
v -0.978859 -1.176550 0.066378
v -0.951365 -1.110172 -0.000000
v -0.970806 -1.129614 0.046936
v -0.951365 -1.242928 -0.000000
v -0.970806 -1.223486 -0.046936
v -0.397869 -1.176550 -0.067066
v -0.397869 -1.223973 -0.047423
v -0.397869 -1.243616 -0.000000
v -0.397869 -1.223973 0.047423
v -0.397869 -1.176550 0.067066
v -0.397869 -1.129127 0.047423
v -0.397869 -1.109484 -0.000000
v -0.397869 -1.129127 -0.047423
v -0.978859 -1.176550 -0.066378
v -0.970806 -1.129614 -0.046936
v -0.806765 -1.129127 0.047423
v -0.826408 -1.109484 -0.000000
v -0.932409 -1.223486 -0.046936
v -0.932409 -1.176550 -0.066378
v -0.928642 -1.176550 -0.039103
v -0.850437 -1.176550 -0.039103
v -0.928642 -1.204199 -0.027650
v -0.850437 -1.204199 -0.027650
v -0.928642 -1.215652 -0.000000
v -0.850437 -1.215652 -0.000000
v -0.928642 -1.204199 0.027650
v -0.850437 -1.204199 0.027650
v -0.928642 -1.176550 0.039102
v -0.850437 -1.176550 0.039102
v -0.928642 -1.148900 0.027650
v -0.850437 -1.148900 0.027650
v -0.928642 -1.137447 -0.000000
v -0.850437 -1.137447 -0.000000
v -0.928642 -1.148900 -0.027650
v -0.850437 -1.148900 -0.027650
v -0.932409 -1.242928 -0.000000
v -0.932409 -1.223486 0.046936
v -0.932409 -1.176550 0.066378
v -0.932409 -1.129614 0.046936
v -0.932409 -1.110172 -0.000000
v -0.932409 -1.129614 -0.046936
v -0.951365 -0.314138 -0.000000
v -0.970806 -0.200824 -0.046936
v -0.501364 -0.182738 -0.000000
v -0.970806 -0.294697 -0.046936
v -0.520806 -0.296052 -0.046936
v -0.978858 -0.247760 0.066378
v -0.978858 -0.247760 -0.066378
v -0.846671 -1.176550 -0.067066
v -0.846671 -1.223973 -0.047423
v -0.846671 -1.243616 -0.000000
v -0.846671 -1.223973 0.047423
v -0.846671 -1.176550 0.067066
v -0.846671 -1.129127 0.047423
v -0.846671 -1.109484 -0.000000
v -0.846671 -1.129127 -0.047423
v -0.970806 -0.294697 0.046936
v -0.806765 -0.295183 0.047423
v -0.798629 -0.247760 0.067066
v -0.520806 -0.296052 0.046936
v -0.970805 -0.200824 0.046936
v -0.932409 -0.294697 -0.046936
v -0.932409 -0.247760 -0.066378
v -0.928643 -0.247760 -0.039103
v -0.850438 -0.247760 -0.039103
v -0.928643 -0.275410 -0.027650
v -0.850438 -0.275410 -0.027650
v -0.928643 -0.286863 -0.000000
v -0.850438 -0.286863 -0.000000
v -0.928643 -0.275410 0.027650
v -0.850438 -0.275410 0.027650
v -0.928643 -0.247760 0.039102
v -0.850438 -0.247760 0.039102
v -0.928643 -0.220111 0.027650
v -0.850438 -0.220111 0.027650
v -0.928643 -0.208658 -0.000000
v -0.850438 -0.208658 -0.000000
v -0.928643 -0.220111 -0.027650
v -0.850438 -0.220111 -0.027650
v -0.932409 -0.314138 -0.000000
v -0.932409 -0.294697 0.046936
v -0.932409 -0.247760 0.066378
v -0.932409 -0.200824 0.046936
v -0.932409 -0.181382 -0.000000
v -0.932409 -0.200824 -0.046936
v -0.528858 -0.249116 0.066378
v -0.501364 -0.315494 -0.000000
v -0.846671 -0.247760 -0.067066
v -0.846671 -0.295183 -0.047423
v -0.846671 -0.314826 -0.000000
v -0.846671 -0.295183 0.047423
v -0.846671 -0.247760 0.067066
v -0.846671 -0.200337 0.047423
v -0.846671 -0.180694 -0.000000
v -0.846671 -0.200337 -0.047423
v -0.528858 -0.249116 -0.066378
v -0.520806 -0.202180 0.046936
v -0.520805 -0.202180 -0.046936
v -3.024018 -0.929741 -0.477392
v -1.455289 -0.929741 -0.477392
v -3.024018 -1.009174 -0.444490
v -1.455289 -1.009174 -0.444490
v -3.024018 -1.042076 -0.365057
v -1.455289 -1.042076 -0.365057
v -3.024018 -1.009174 -0.285624
v -1.455289 -1.009174 -0.285624
v -3.024018 -0.929741 -0.252722
v -1.455289 -0.929741 -0.252722
v -3.024018 -0.850308 -0.285624
v -1.455289 -0.850308 -0.285624
v -3.024018 -0.817406 -0.365057
v -1.455289 -0.817406 -0.365057
v -3.024018 -0.850308 -0.444490
v -1.455289 -0.850308 -0.444490
v -1.437662 -0.929741 -0.486635
v -1.437662 -1.015710 -0.451025
v -1.437662 -1.051319 -0.365057
v -1.437662 -1.015710 -0.279088
v -1.437662 -0.929741 -0.243479
v -1.437662 -0.843773 -0.279088
v -1.437662 -0.808164 -0.365057
v -1.437662 -0.843773 -0.451025
v -1.318343 -0.929741 -0.486635
v -1.318343 -1.015710 -0.451025
v -1.318343 -1.051319 -0.365057
v -1.318343 -1.015710 -0.279088
v -1.318343 -0.929741 -0.243479
v -1.318343 -0.843773 -0.279088
v -1.318343 -0.808164 -0.365057
v -1.318343 -0.843773 -0.451025
v -1.298005 -0.929741 -0.476545
v -1.298005 -1.008575 -0.443891
v -1.298005 -1.041229 -0.365057
v -1.298005 -1.008575 -0.286223
v -1.298005 -0.929741 -0.253569
v -1.298005 -0.850907 -0.286223
v -1.298005 -0.818253 -0.365057
v -1.298005 -0.850907 -0.443891
v -0.175390 0.719386 0.038527
v -0.175390 0.719386 -0.038527
v -0.159432 0.719386 -0.000000
v -0.252444 0.719386 0.038527
v -0.213917 0.719386 0.054485
v -0.213917 0.719386 -0.054485
v -0.625473 0.719386 0.038527
v -0.625473 0.719386 -0.038527
v -0.609515 0.719386 -0.000000
v -0.702527 0.719386 0.038527
v -0.664000 0.719386 0.054485
v -0.664000 0.719386 -0.054485
v 2.668421 0.443763 0.254434
v 2.643557 0.375450 0.284546
v 2.633258 0.347154 0.357243
v 2.643557 0.375450 0.429940
v 2.668421 0.443763 0.460052
v 2.693284 0.512075 0.429940
v 2.703583 0.540371 0.357243
v 2.693284 0.512075 0.284546
v 2.851933 0.334661 0.254434
v 2.805204 0.278972 0.284546
v 2.785848 0.255905 0.357243
v 2.805204 0.278972 0.429940
v 2.851933 0.334661 0.460052
v 2.898661 0.390350 0.429940
v 2.918017 0.413417 0.357243
v 2.898661 0.390350 0.284546
v 2.987062 0.169375 0.254434
v 2.924105 0.133026 0.284546
v 2.898027 0.117970 0.357243
v 2.924105 0.133026 0.429940
v 2.987062 0.169375 0.460052
v 3.050020 0.205723 0.429940
v 3.076097 0.220779 0.357243
v 3.050020 0.205723 0.284546
v 3.057512 -0.032161 0.254434
v 2.985919 -0.044785 0.284546
v 2.956264 -0.050014 0.357243
v 2.985919 -0.044785 0.429940
v 3.057512 -0.032161 0.460052
v 3.129104 -0.019537 0.429940
v 3.158759 -0.014309 0.357243
v 3.129104 -0.019537 0.284546
v 3.054784 -0.245638 0.254434
v 2.983191 -0.233014 0.284546
v 2.953536 -0.227785 0.357243
v 2.983191 -0.233014 0.429940
v 3.054784 -0.245638 0.460052
v 3.126375 -0.258261 0.429940
v 3.156030 -0.263491 0.357243
v 3.126375 -0.258261 0.284546
v 2.979207 -0.445308 0.254434
v 2.916249 -0.408959 0.284546
v 2.890171 -0.393903 0.357243
v 2.916249 -0.408959 0.429940
v 2.979207 -0.445308 0.460052
v 3.042163 -0.481655 0.429940
v 3.068241 -0.496711 0.357243
v 3.042163 -0.481655 0.284546
v 2.839896 -0.607087 0.254434
v 2.793167 -0.551397 0.284546
v 2.773812 -0.528330 0.357243
v 2.793167 -0.551397 0.429940
v 2.839896 -0.607087 0.460052
v 2.886624 -0.662775 0.429940
v 2.905980 -0.685842 0.357243
v 2.886624 -0.662775 0.284546
v 2.653655 -0.711462 0.254434
v 2.628791 -0.643149 0.284546
v 2.618492 -0.614853 0.357243
v 2.628791 -0.643149 0.429940
v 2.653655 -0.711462 0.460052
v 2.678518 -0.779773 0.429940
v 2.688818 -0.808070 0.357243
v 2.678518 -0.779773 0.284546
v 2.442947 -0.745842 0.460904
v 2.069385 -0.523400 -0.105487
v 2.043873 -0.593492 -0.074591
v 2.033306 -0.622526 -0.000000
v 2.043873 -0.593492 0.074591
v 2.069385 -0.523400 0.105487
v 2.094896 -0.453308 0.074591
v 2.105464 -0.424274 -0.000000
v 2.094896 -0.453308 -0.074591
v 2.129003 -0.557820 -0.105487
v 2.081056 -0.614960 -0.074591
v 2.061196 -0.638628 -0.000000
v 2.081056 -0.614960 0.074591
v 2.129003 -0.557820 0.105487
v 2.176949 -0.500681 0.074591
v 2.196808 -0.477012 -0.000000
v 2.176949 -0.500681 -0.074591
v 2.173252 -0.610555 -0.105487
v 2.108654 -0.647850 -0.074591
v 2.081897 -0.663299 -0.000000
v 2.108654 -0.647850 0.074591
v 2.173252 -0.610555 0.105487
v 2.237850 -0.573259 0.074591
v 2.264606 -0.557811 -0.000000
v 2.237850 -0.573259 -0.074591
v 2.196797 -0.675244 -0.105487
v 2.123339 -0.688196 -0.074591
v 2.092912 -0.693562 -0.000000
v 2.123339 -0.688196 0.074591
v 2.196797 -0.675244 0.105487
v 2.270255 -0.662291 0.074591
v 2.300682 -0.656926 -0.000000
v 2.270255 -0.662291 -0.074591
v 2.196797 -0.744084 -0.105487
v 2.123339 -0.731132 -0.074591
v 2.092912 -0.725767 -0.000000
v 2.123339 -0.731132 0.074591
v 2.196797 -0.744084 0.105487
v 2.270255 -0.757037 0.074591
v 2.300682 -0.762402 -0.000000
v 2.270255 -0.757037 -0.074591
v 2.173253 -0.808773 -0.105487
v 2.108654 -0.771478 -0.074591
v 2.081897 -0.756029 -0.000000
v 2.108654 -0.771478 0.074591
v 2.173253 -0.808773 0.105487
v 2.237850 -0.846069 0.074591
v 2.264607 -0.861516 -0.000000
v 2.237850 -0.846069 -0.074591
v 2.129004 -0.861508 -0.105487
v 2.081056 -0.804368 -0.074591
v 2.061196 -0.780700 -0.000000
v 2.081056 -0.804368 0.074591
v 2.129004 -0.861508 0.105487
v 2.176949 -0.918648 0.074591
v 2.196809 -0.942315 -0.000000
v 2.176949 -0.918648 -0.074591
v 2.069386 -0.895928 -0.105487
v 2.043873 -0.825835 -0.074591
v 2.033306 -0.796803 -0.000000
v 2.043873 -0.825835 0.074591
v 2.069386 -0.895928 0.105487
v 2.094896 -0.966020 0.074591
v 2.105464 -0.995054 -0.000000
v 2.094896 -0.966020 -0.074591
v 2.001590 -0.907880 -0.105487
v 2.001590 -0.907880 0.105487
v -2.274012 -0.659158 0.276428
v -2.301652 -0.583216 0.242953
v -2.262563 -0.690614 0.357243
v -2.274012 -0.659158 0.438059
v -2.301652 -0.583216 0.471534
v -2.329293 -0.507275 0.438059
v -2.340742 -0.475819 0.357243
v -2.329293 -0.507275 0.276428
v -2.300740 -0.675169 0.276428
v -2.352687 -0.613261 0.242953
v -2.279223 -0.700812 0.357243
v -2.300740 -0.675169 0.438059
v -2.352688 -0.613261 0.471534
v -2.404635 -0.551352 0.438059
v -2.426152 -0.525709 0.357243
v -2.404635 -0.551352 0.276428
v -2.320381 -0.699356 0.276428
v -2.390369 -0.658948 0.242953
v -2.291391 -0.716093 0.357243
v -2.320381 -0.699356 0.438059
v -2.390369 -0.658948 0.471534
v -2.460357 -0.618540 0.438059
v -2.489347 -0.601802 0.357243
v -2.460357 -0.618540 0.276428
v -2.330564 -0.728801 0.276428
v -2.410152 -0.714768 0.242953
v -2.297598 -0.734614 0.357243
v -2.330564 -0.728801 0.438059
v -2.410153 -0.714768 0.471533
v -2.489740 -0.700734 0.438059
v -2.522707 -0.694921 0.357243
v -2.489740 -0.700734 0.276428
v -2.330063 -0.759954 0.276428
v -2.409651 -0.773987 0.242953
v -2.297097 -0.754141 0.357243
v -2.330063 -0.759954 0.438059
v -2.409651 -0.773988 0.471533
v -2.489239 -0.788021 0.438059
v -2.522205 -0.793834 0.357243
v -2.489239 -0.788021 0.276428
v -2.318937 -0.789056 0.276428
v -2.388926 -0.829464 0.242953
v -2.289947 -0.772319 0.357243
v -2.318937 -0.789057 0.438059
v -2.388926 -0.829465 0.471533
v -2.458914 -0.869872 0.438059
v -2.487904 -0.886609 0.357243
v -2.458914 -0.869872 0.276428
v -2.298528 -0.812598 0.276428
v -2.350476 -0.874507 0.242953
v -2.277011 -0.786956 0.357243
v -2.298528 -0.812599 0.438059
v -2.350476 -0.874507 0.471533
v -2.402423 -0.936416 0.438058
v -2.423940 -0.962058 0.357243
v -2.402423 -0.936415 0.276428
v -2.271299 -0.827741 0.276428
v -2.298939 -0.903683 0.242953
v -2.259850 -0.796285 0.357243
v -2.271298 -0.827741 0.438059
v -2.298939 -0.903683 0.471533
v -2.326580 -0.979625 0.438058
v -2.338029 -1.011081 0.357243
v -2.326580 -0.979624 0.276428
v -2.240532 -0.800287 0.357243
v -3.259401 -0.898214 -0.477392
v -3.286569 -0.972857 -0.444490
v -3.297822 -1.003775 -0.365057
v -3.286569 -0.972857 -0.285624
v -3.259401 -0.898214 -0.252722
v -3.232233 -0.823572 -0.285624
v -3.220980 -0.792654 -0.365057
v -3.232234 -0.823572 -0.444490
v -3.469806 -0.788083 -0.477392
v -3.520864 -0.848932 -0.444490
v -3.542013 -0.874137 -0.365057
v -3.520864 -0.848932 -0.285624
v -3.469805 -0.788083 -0.252722
v -3.418747 -0.727234 -0.285624
v -3.397598 -0.702029 -0.365057
v -3.418747 -0.727234 -0.444490
v -3.629854 -0.612631 -0.477392
v -3.698645 -0.652348 -0.444490
v -3.727139 -0.668799 -0.365057
v -3.698645 -0.652348 -0.285624
v -3.629854 -0.612631 -0.252722
v -3.561063 -0.572915 -0.285624
v -3.532569 -0.556464 -0.365057
v -3.561063 -0.572915 -0.444490
v -3.720243 -0.393020 -0.477392
v -3.798469 -0.406814 -0.444490
v -3.830871 -0.412527 -0.365057
v -3.798469 -0.406814 -0.285624
v -3.720242 -0.393020 -0.252722
v -3.642016 -0.379227 -0.285624
v -3.609614 -0.373514 -0.365057
v -3.642016 -0.379227 -0.444490
v -3.730068 -0.155739 -0.477392
v -3.808295 -0.141946 -0.444490
v -3.840697 -0.136232 -0.365057
v -3.808295 -0.141946 -0.285624
v -3.730068 -0.155739 -0.252722
v -3.651842 -0.169533 -0.285624
v -3.619440 -0.175246 -0.365057
v -3.651842 -0.169532 -0.444490
v -3.658147 0.070593 -0.477392
v -3.726938 0.110309 -0.444490
v -3.755432 0.126761 -0.365057
v -3.726938 0.110309 -0.285624
v -3.658147 0.070593 -0.252722
v -3.589355 0.030876 -0.285624
v -3.560862 0.014426 -0.365057
v -3.589356 0.030877 -0.444490
v -3.513152 0.258677 -0.477392
v -3.564211 0.319526 -0.444490
v -3.585360 0.344731 -0.365057
v -3.564211 0.319526 -0.285624
v -3.513152 0.258677 -0.252722
v -3.462094 0.197828 -0.285624
v -3.440945 0.172623 -0.365057
v -3.462094 0.197828 -0.444490
v -3.312573 0.385827 -0.477392
v -3.339741 0.460470 -0.444490
v -3.350994 0.491388 -0.365057
v -3.339741 0.460470 -0.285624
v -3.312573 0.385827 -0.252722
v -3.285406 0.311184 -0.285624
v -3.274153 0.280267 -0.365057
v -3.285406 0.311185 -0.444490
v -3.080603 0.436707 -0.477392
v -3.080603 0.516140 -0.444490
v -3.080603 0.549042 -0.365057
v -3.080603 0.516140 -0.285624
v -3.080603 0.436707 -0.252722
v -3.080603 0.357274 -0.285624
v -3.080603 0.324372 -0.365057
v -3.080603 0.357274 -0.444490
v -0.051257 0.436707 -0.506125
v -0.051258 0.536457 -0.464807
v -0.051257 0.577775 -0.365057
v -0.051258 0.536457 -0.265307
v -0.051257 0.436707 -0.223989
v -0.051258 0.336957 -0.265307
v -0.051257 0.295639 -0.365057
v -0.051258 0.336957 -0.464807
v 1.624904 0.436705 -0.549968
v 1.624903 0.567457 -0.495808
v 1.624904 0.621616 -0.365057
v 1.624903 0.567457 -0.234305
v 1.624904 0.436705 -0.180146
v 1.624903 0.305953 -0.234305
v 1.624904 0.251794 -0.365057
v 1.624903 0.305953 -0.495808
v 2.875951 0.436705 -0.602216
v 2.875950 0.604402 -0.532754
v 2.875951 0.673865 -0.365057
v 2.875950 0.604402 -0.197360
v 2.875951 0.436705 -0.127898
v 2.875950 0.269008 -0.197360
v 2.875951 0.199546 -0.365057
v 2.875950 0.269008 -0.532754
v 3.908369 0.436705 -0.736846
v 3.908368 0.699600 -0.627951
v 3.908369 0.808495 -0.365057
v 3.908368 0.699600 -0.102162
v 3.908369 0.436705 0.006732
v 3.908368 0.173810 -0.102162
v 3.908369 0.064916 -0.365057
v 3.908368 0.173810 -0.627951
v 4.385028 0.436705 -0.926673
v 4.385027 0.833828 -0.762179
v 4.385028 0.998322 -0.365057
v 4.385027 0.833828 0.032066
v 4.385028 0.436705 0.196559
v 4.385027 0.039582 0.032066
v 4.385028 -0.124911 -0.365057
v 4.385027 0.039583 -0.762179
v 4.588756 0.436705 -1.155729
v 4.588755 0.995795 -0.924146
v 4.588756 1.227378 -0.365057
v 4.588755 0.995795 0.194033
v 4.588756 0.436705 0.425615
v 4.588755 -0.122386 0.194033
v 4.588756 -0.353967 -0.365057
v 4.588755 -0.122385 -0.924146
v 4.754546 0.436705 -1.383923
v 4.754545 1.157152 -1.085503
v 4.754546 1.455572 -0.365057
v 4.754545 1.157152 0.355390
v 4.754546 0.436704 0.653809
v 4.754545 -0.283743 0.355390
v 4.754546 -0.582160 -0.365057
v 4.754545 -0.283742 -1.085503
v -0.035589 -0.745842 0.220980
v -0.046080 -0.827805 0.253268
v -0.071408 -0.861755 0.331219
v -0.096735 -0.827805 0.409170
v -0.107226 -0.745842 0.441458
v -0.096735 -0.663880 0.409170
v -0.071408 -0.629930 0.331219
v -0.046080 -0.663880 0.253268
v -0.071128 -0.745842 0.188034
v -0.091084 -0.827805 0.215499
v -0.139260 -0.861755 0.281809
v -0.187436 -0.827805 0.348118
v -0.207392 -0.745842 0.375584
v -0.187436 -0.663880 0.348118
v -0.139260 -0.629930 0.281809
v -0.091084 -0.663880 0.215499
v -0.094748 -0.745842 0.145718
v -0.122214 -0.827805 0.165673
v -0.188523 -0.861755 0.213849
v -0.254832 -0.827805 0.262026
v -0.282298 -0.745842 0.281981
v -0.254832 -0.663880 0.262026
v -0.188523 -0.629930 0.213849
v -0.122214 -0.663880 0.165673
v -0.663886 -0.643493 -0.162522
v -0.663886 -0.495755 -0.162522
v -0.645649 -0.500387 -0.154968
v -0.292325 -0.827805 0.159321
v -0.324613 -0.745842 0.169812
v -0.292325 -0.663880 0.159321
v -0.717524 -0.667541 -0.140305
v -0.995361 -0.626119 -0.106219
v -0.778807 -0.640632 -0.114920
v -0.770508 -0.643786 -0.118358
v -0.998965 -0.640577 -0.114920
v -0.997381 -0.638862 -0.111096
v -1.113886 -0.495673 -0.162522
v -0.778807 -0.498617 -0.114920
v -1.269541 -0.572439 0.226432
v -1.259436 -0.651386 0.257533
v -1.235040 -0.684086 0.332615
v -1.210645 -0.651386 0.407697
v -1.200540 -0.572439 0.438797
v -1.210645 -0.493493 0.407697
v -1.235040 -0.460793 0.332615
v -1.259436 -0.493493 0.257533
v -1.240700 -0.572439 0.196911
v -1.221479 -0.651386 0.223366
v -1.175076 -0.684086 0.287235
v -1.128672 -0.651386 0.351104
v -1.109451 -0.572439 0.377559
v -1.128672 -0.493493 0.351104
v -1.175076 -0.460793 0.287235
v -1.221479 -0.493493 0.223366
v -1.222393 -0.572439 0.159922
v -1.195938 -0.651386 0.179143
v -1.132069 -0.684086 0.225546
v -1.068200 -0.651386 0.271950
v -1.041744 -0.572439 0.291171
v -1.068200 -0.493493 0.271950
v -1.132069 -0.460793 0.225546
v -1.195938 -0.493493 0.179143
v -1.216412 -0.572439 0.119086
v -1.185312 -0.651386 0.129191
v -1.110229 -0.684086 0.153587
v -1.035147 -0.651386 0.177983
v -1.004047 -0.572439 0.188088
v -1.035147 -0.493493 0.177983
v -1.110229 -0.460793 0.153587
v -1.185312 -0.493493 0.129191
v -1.203402 -0.913475 0.212945
v -1.193431 -0.991369 0.243631
v -1.169361 -1.023633 0.317713
v -1.145290 -0.991369 0.391795
v -1.135319 -0.913475 0.422480
v -1.145290 -0.835580 0.391795
v -1.169361 -0.803316 0.317713
v -1.193431 -0.835580 0.243631
v -1.191583 -0.913475 0.173210
v -1.172618 -0.991369 0.199312
v -1.126833 -1.023633 0.262330
v -1.081048 -0.991369 0.325348
v -1.062083 -0.913475 0.351451
v -1.081048 -0.835580 0.325348
v -1.126833 -0.803316 0.262330
v -1.172618 -0.835580 0.199312
v -1.192622 -0.913475 0.131766
v -1.166520 -0.991369 0.150731
v -1.103502 -1.023633 0.196516
v -1.040484 -0.991369 0.242301
v -1.014381 -0.913475 0.261266
v -1.040484 -0.835580 0.242302
v -1.103502 -0.803316 0.196516
v -1.166520 -0.835580 0.150731
v -1.152610 0.719386 0.038527
v -1.114083 0.719386 -0.054485
v -1.114083 0.719386 0.054485
v -1.027568 -0.991369 0.150785
v -0.996882 -0.913475 0.160755
v -1.027568 -0.835580 0.150785
v -1.075556 0.719386 -0.038527
v -1.038781 -1.008575 -0.131413
v -1.005919 -0.929741 -0.117801
v -1.191840 -0.850907 -0.130232
v -1.113886 -1.040346 -0.162522
v -1.191840 -1.008575 -0.130232
v -1.223942 -0.929741 -0.116935
v -1.116017 -1.041229 -0.161639
v -1.200141 -0.929741 -0.453203
v -1.210232 -1.008575 -0.422147
v -1.234593 -1.041229 -0.347171
v -1.258954 -1.008575 -0.272196
v -1.269045 -0.929741 -0.241140
v -1.258954 -0.850907 -0.272196
v -1.234593 -0.818253 -0.347171
v -1.210232 -0.850907 -0.422147
v -1.111549 -0.929741 -0.392072
v -1.130742 -1.008575 -0.365655
v -1.177080 -1.041229 -0.301877
v -1.223417 -1.008575 -0.238099
v -1.242611 -0.929741 -0.211681
v -1.223417 -0.850907 -0.238099
v -1.177080 -0.818253 -0.301877
v -1.130742 -0.850907 -0.365655
v -1.049662 -0.929741 -0.305055
v -1.076079 -1.008575 -0.285862
v -1.139857 -1.041229 -0.239524
v -1.203635 -1.008575 -0.193187
v -1.230053 -0.929741 -0.173993
v -1.203635 -0.850907 -0.193187
v -1.139857 -0.818253 -0.239524
v -1.076079 -0.850907 -0.285862
v -1.009987 -0.929741 -0.200669
v -1.041043 -1.008575 -0.190578
v -1.116019 -1.041229 -0.166217
v -1.190994 -1.008575 -0.141856
v -1.222050 -0.929741 -0.131765
v -1.190994 -0.850907 -0.141856
v -1.116019 -0.818253 -0.166217
v -1.041043 -0.850907 -0.190578
v 3.392159 0.232656 -0.569106
v 3.392160 0.148137 -0.365057
v 3.392159 0.232656 -0.161008
v 3.392160 0.436705 -0.076488
v 3.392159 0.640754 -0.161008
v 3.392160 0.725274 -0.365057
v 3.392159 0.640754 -0.569106
v 3.392160 0.436705 -0.653626
v 4.167785 -0.019172 -0.365057
v 4.167785 0.114350 -0.042703
v 4.167785 0.436705 0.090821
v 4.167785 0.759059 -0.042703
v 4.167785 0.892583 -0.365057
v 4.167785 0.759060 -0.687411
v 4.167785 0.114351 -0.687411
v 4.167785 0.436705 -0.820935
v 4.592879 0.436705 -1.089276
v 4.592878 0.948806 -0.877157
v 4.592879 1.160925 -0.365057
v 4.592878 0.948805 0.147044
v 4.592879 0.436705 0.359162
v 4.592878 -0.075396 0.147044
v 4.592879 -0.287514 -0.365057
v 4.592878 -0.075395 -0.877157
v 4.386695 0.436705 -0.880813
v 4.386694 0.801400 -0.729751
v 4.386695 0.952462 -0.365057
v 4.386694 0.801400 -0.000362
v 4.386695 0.436705 0.150699
v 4.386694 0.072010 -0.000362
v 4.386695 -0.079051 -0.365057
v 4.386694 0.072010 -0.729751
v 4.166453 0.436705 -0.777082
v 4.166453 0.728051 -0.656402
v 4.166453 0.848730 -0.365057
v 4.166453 0.728050 -0.073711
v 4.166453 0.436705 0.046968
v 4.166453 0.145359 -0.073711
v 4.166453 0.024680 -0.365057
v 4.166453 0.145359 -0.656402
v 3.908724 0.436705 -0.697404
v 3.908723 0.671710 -0.600061
v 3.908724 0.769052 -0.365057
v 3.908723 0.671709 -0.130052
v 3.908724 0.436704 -0.032710
v 3.908723 0.201700 -0.130052
v 3.908724 0.104358 -0.365057
v 3.908723 0.201700 -0.600061
v 3.393265 0.436704 -0.621435
v 3.393264 0.617991 -0.546344
v 3.393265 0.693083 -0.365057
v 3.393264 0.617991 -0.183770
v 3.393265 0.436704 -0.108678
v 3.393264 0.255417 -0.183770
v 3.393265 0.180326 -0.365057
v 3.393264 0.255417 -0.546344
v 2.877806 0.436704 -0.572243
v 2.877805 0.583207 -0.511559
v 2.877806 0.643890 -0.365057
v 2.877805 0.583206 -0.218554
v 2.877806 0.436704 -0.157871
v 2.877805 0.290201 -0.218554
v 2.877806 0.229518 -0.365057
v 2.877805 0.290201 -0.511559
v 4.754546 0.436705 -1.416677
v 4.734437 0.436705 -1.422626
v 4.734437 1.184520 -1.112871
v 4.754545 1.180313 -1.108665
v 4.734437 1.494276 -0.365057
v 4.754546 1.488327 -0.365057
v 4.734437 1.184519 0.382758
v 4.754545 1.180313 0.378551
v 4.734437 0.436704 0.692512
v 4.754546 0.436704 0.686563
v 4.734437 -0.311111 0.382758
v 4.754545 -0.306904 0.378551
v 4.734437 -0.620863 -0.365057
v 4.754546 -0.614915 -0.365057
v 4.734437 -0.311109 -1.112871
v 4.754545 -0.306903 -1.108664
v -0.293391 -0.827805 0.129590
v -0.206173 -0.861755 0.159327
v -0.213886 -0.633556 0.162522
v -0.252699 -0.845063 0.146445
v -0.213886 -0.858308 0.162522
v -0.131504 -0.827805 0.128398
v -0.780442 -0.638862 -0.110973
v -0.327139 -0.745842 0.115611
v -1.179222 -0.569624 -0.135459
v -1.132447 -0.638862 -0.154834
v -0.293391 -0.663880 0.129590
v -0.206173 -0.629930 0.159327
v -0.131504 -0.663880 0.128398
v -0.100687 -0.745842 0.115634
v -0.598196 -0.821661 -0.158910
v -0.647155 -0.850340 -0.207868
v -0.667434 -0.919578 -0.228148
v -0.647155 -0.988815 -0.207868
v -0.598196 -1.017495 -0.158910
v -0.549238 -0.988815 -0.109951
v -0.528959 -0.919578 -0.089672
v -0.549238 -0.850340 -0.109951
v -0.525224 -0.821661 -0.207668
v -0.551721 -0.850340 -0.271635
v -0.562696 -0.919578 -0.298132
v -0.551721 -0.988815 -0.271635
v -0.525224 -1.017495 -0.207668
v -0.498729 -0.988815 -0.143701
v -0.487753 -0.919578 -0.117205
v -0.498729 -0.850340 -0.143701
v -0.439148 -0.821661 -0.224790
v -0.439148 -0.850340 -0.294028
v -0.439148 -0.919578 -0.322707
v -0.439148 -0.988815 -0.294028
v -0.439148 -1.017495 -0.224790
v -0.439148 -0.988815 -0.155552
v -0.439148 -0.919578 -0.126873
v -0.439148 -0.850340 -0.155552
v -0.353072 -0.821661 -0.207668
v -0.326576 -0.850340 -0.271636
v -0.315601 -0.919578 -0.298132
v -0.326576 -0.988815 -0.271636
v -0.353072 -1.017495 -0.207668
v -0.379568 -0.988815 -0.143701
v -0.390543 -0.919578 -0.117205
v -0.379568 -0.850340 -0.143701
v -0.280100 -0.821661 -0.158910
v -0.231142 -0.850340 -0.207869
v -0.210862 -0.919578 -0.228148
v -0.231142 -0.988815 -0.207868
v -0.280100 -1.017495 -0.158910
v -0.329059 -0.988815 -0.109952
v -0.349338 -0.919578 -0.089672
v -0.329059 -0.850340 -0.109952
v -1.033978 -0.493493 0.129423
v -1.102475 -0.803316 0.157795
v -1.001417 -0.572439 0.115936
v -1.060061 -0.821428 0.140227
v -1.100190 -0.679714 0.156849
v -1.168602 -0.835580 0.139858
v -1.113886 -0.808985 0.162522
v -1.168602 -0.991369 0.139858
v -1.033978 -0.651386 0.129423
v -1.193390 -0.913475 0.129590
v -1.031502 -0.991369 0.128397
v -0.252699 -0.646621 0.146445
v -1.112805 -0.684086 0.162074
v -1.113886 -0.461189 0.162522
v -1.112805 -0.460793 0.162074
v -1.102475 -1.023633 0.157795
v -1.186044 -0.493493 0.132633
v -1.113886 -0.683711 0.162522
v -1.216546 -0.572439 0.119999
v -1.186044 -0.651386 0.132633
v -1.048052 -0.471707 -0.158910
v -1.097010 -0.500387 -0.207868
v -1.117290 -0.569624 -0.228148
v -1.097010 -0.638862 -0.207868
v -1.048052 -0.667541 -0.158910
v -0.999093 -0.638862 -0.109951
v -0.978814 -0.569624 -0.089672
v -0.999093 -0.500387 -0.109951
v -0.975080 -0.471707 -0.207668
v -1.001576 -0.500387 -0.271635
v -1.012551 -0.569624 -0.298132
v -1.001576 -0.638862 -0.271635
v -0.975080 -0.667541 -0.207668
v -0.948584 -0.638862 -0.143701
v -0.937609 -0.569624 -0.117205
v -0.948584 -0.500387 -0.143701
v -0.889004 -0.471707 -0.224790
v -0.889004 -0.500387 -0.294028
v -0.889004 -0.569624 -0.322707
v -0.889004 -0.638862 -0.294028
v -0.889004 -0.667541 -0.224790
v -0.889004 -0.638862 -0.155552
v -0.889004 -0.569624 -0.126873
v -0.889004 -0.500387 -0.155552
v -0.802927 -0.471707 -0.207668
v -0.776431 -0.500387 -0.271636
v -0.765456 -0.569624 -0.298132
v -0.776431 -0.638862 -0.271636
v -0.802927 -0.667541 -0.207668
v -0.829423 -0.638862 -0.143701
v -0.840399 -0.569624 -0.117205
v -0.829423 -0.500387 -0.143701
v -0.729956 -0.471707 -0.158910
v -0.680997 -0.500387 -0.207869
v -0.660717 -0.569624 -0.228148
v -0.680997 -0.638862 -0.207868
v -0.729956 -0.667541 -0.158910
v -0.778914 -0.638862 -0.109952
v -0.799193 -0.569624 -0.089672
v -0.778914 -0.500387 -0.109952
v -1.031502 -0.835580 0.128397
v -1.003175 -0.913475 0.116664
v -1.060061 -1.005521 0.140227
v -4.571229 0.482420 0.254992
v 2.355528 -0.639091 0.387512
v -4.571229 0.410665 0.284714
v 2.325259 -0.644284 0.400050
v -4.571229 0.380943 0.356469
v -0.098066 -0.907880 -0.112749
v -4.571229 0.410665 0.428224
v 2.294990 -0.639091 0.387512
v -4.571229 0.482420 0.457946
v 2.355528 -0.639091 0.326974
v -4.571229 0.554175 0.428224
v 2.282453 -0.626553 0.357243
v -4.571229 0.583897 0.356469
v -0.051364 -0.624195 -0.000000
v -4.571229 0.554175 0.284714
v 2.294990 -0.639091 0.326974
v -4.657464 0.482420 0.173070
v -4.657464 0.352737 0.226786
v -4.657464 0.299021 0.356469
v -4.657464 0.352737 0.486152
v -4.657464 0.482420 0.539868
v -4.657464 0.612103 0.486152
v -4.657464 0.665820 0.356469
v -4.657464 0.612103 0.226786
v -4.795766 0.482420 0.173070
v -4.795766 0.352737 0.226786
v -4.795766 0.299021 0.356469
v -4.795766 0.352737 0.486152
v -4.795766 0.482420 0.539868
v -4.795766 0.612103 0.486152
v -4.795766 0.665820 0.356469
v -4.795766 0.612103 0.226786
v -4.795766 0.482420 0.100510
v -4.795766 0.301430 0.175479
v -4.795766 0.226461 0.356469
v -4.795766 0.301430 0.537459
v -4.795766 0.482420 0.612428
v -4.795766 0.663411 0.537459
v -4.795766 0.738379 0.356469
v -4.795766 0.663411 0.175479
v -4.969863 0.482420 0.140529
v -4.951676 0.482420 0.100510
v -4.951676 0.301430 0.175479
v -4.969863 0.329728 0.203776
v -4.951676 0.226461 0.356469
v -4.969863 0.266480 0.356469
v -4.951676 0.301430 0.537459
v -4.969863 0.329728 0.509161
v -4.951676 0.482420 0.612428
v -4.969863 0.482420 0.572409
v -4.951676 0.663411 0.537459
v -4.969863 0.635113 0.509161
v -4.951676 0.738379 0.356469
v -4.969863 0.698360 0.356469
v -4.951676 0.663411 0.175479
v -4.969863 0.635113 0.203776
v -4.969863 0.315350 0.189399
v -4.969863 0.482420 0.120196
v -4.969863 0.246147 0.356469
v -4.969863 0.315350 0.523539
v -4.969863 0.482420 0.592742
v -4.969863 0.649491 0.523539
v -4.969863 0.718693 0.356469
v -4.969863 0.649491 0.189399
v -4.807155 0.482420 0.192595
v -4.807155 0.366544 0.240593
v -4.807155 0.318546 0.356469
v -4.807155 0.366544 0.472345
v -4.807155 0.482420 0.520343
v -4.807155 0.598296 0.472345
v -4.807155 0.646294 0.356469
v -4.807155 0.598296 0.240593
v -4.807155 0.329728 0.203776
v -4.807155 0.482420 0.140529
v -4.807155 0.266480 0.356469
v -4.807155 0.329728 0.509161
v -4.807155 0.482420 0.572409
v -4.807155 0.635113 0.509161
v -4.807155 0.698360 0.356469
v -4.807155 0.635113 0.203776
v -4.668658 0.482420 0.192595
v -4.668658 0.366544 0.240593
v -4.668658 0.318546 0.356469
v -4.668658 0.366544 0.472345
v -4.668658 0.482420 0.520343
v -4.668658 0.598296 0.472345
v -4.668658 0.646294 0.356469
v -4.668658 0.598296 0.240593
v -4.581927 0.482420 0.265581
v -4.581927 0.418153 0.292201
v -4.581927 0.391532 0.356469
v -4.581927 0.418153 0.420736
v -4.581927 0.482420 0.447357
v -4.581927 0.546688 0.420736
v -4.581927 0.573308 0.356469
v -4.581927 0.546688 0.292201
v -0.098066 -0.511446 -0.112749
v 2.325259 -0.644284 0.314436
v -0.770508 -0.495463 -0.118358
v 2.325259 0.382700 0.320146
v 2.299027 0.378199 0.331012
v 2.368067 -0.626553 0.357243
v -0.051364 -1.020630 -0.000000
v -3.821599 0.573308 0.356469
v -3.821599 0.482420 0.254992
v -3.821599 0.546688 0.292201
v -3.821599 0.546688 0.420736
v -0.084387 -0.591172 -0.079726
v -3.821599 0.482420 0.447357
v -3.821599 0.410665 0.284714
v -3.821599 0.380944 0.356469
v -3.821599 0.391532 0.356469
v -3.821599 0.410665 0.428224
v -3.821599 0.418152 0.292201
v -0.051364 -0.795131 -0.000000
v -3.821599 0.482420 0.457946
v -0.545259 -0.975230 -0.105972
v -3.821599 0.554175 0.428224
v -3.821599 0.418152 0.420736
v -0.084387 -0.828155 -0.079726
v -3.821599 0.583897 0.356469
v -3.821599 0.482420 0.265581
v -3.821599 0.554175 0.284714
v 2.288162 0.367334 0.357243
v -0.663886 -0.993580 -0.162522
v -1.132447 -0.500387 -0.154834
v -0.610546 -1.017495 -0.140428
v 2.351491 0.378199 0.383475
v 2.299027 0.378199 0.383475
v 2.362357 0.367334 0.357243
v 2.325259 0.382700 0.394341
v 2.351491 0.378199 0.331012
v -0.084387 -0.987606 0.079726
v -0.793064 -0.569624 -0.080500
v -0.682647 -0.988815 -0.154751
v -0.098066 -0.511446 0.112749
v -0.984798 -0.569624 -0.080717
v -0.782244 -0.511757 -0.106622
v -0.729422 -0.919578 -0.135376
v -0.328807 -0.990619 -0.114920
v -0.084387 -0.431721 0.079726
v -0.548965 -0.990496 -0.114920
v -0.557913 -0.993897 -0.118627
v -0.547412 -0.988815 -0.111171
v -0.782244 -0.627492 -0.106622
v -0.547412 -0.850340 -0.111171
v -0.548965 -0.848659 -0.114920
v -0.557913 -0.845258 -0.118627
v -0.995361 -0.513129 -0.106219
v -0.320755 -0.993680 -0.118256
v -0.534853 -0.919578 -0.080850
v -0.663886 -0.845576 -0.162522
v -0.682647 -0.850340 -0.154751
v -0.780442 -0.500387 -0.110973
v -0.330473 -0.850340 -0.110897
v -1.060432 -0.667541 -0.140381
v -1.007666 -0.643884 -0.118524
v -0.320755 -0.845476 -0.118256
v -1.113886 -0.643576 -0.162522
v -0.330473 -0.988815 -0.110897
v -1.060432 -0.471707 -0.140381
v -0.332142 -0.978288 -0.106868
v -0.332142 -0.860868 -0.106868
v -0.343119 -0.919578 -0.080366
v -0.328807 -0.848536 -0.114920
v -0.267637 -0.821661 -0.140258
v -0.267637 -1.017495 -0.140258
v -0.195850 -0.988815 -0.155051
v -0.213886 -0.993396 -0.162522
v -0.195850 -0.850340 -0.155051
v -0.213886 -0.845759 -0.162522
v -0.149074 -0.919578 -0.135676
v -0.997381 -0.500387 -0.111096
v -0.998965 -0.498672 -0.114920
v -1.007666 -0.495365 -0.118524
v -1.038782 -0.850907 -0.131413
v -1.113886 -0.819181 -0.162522
v -1.116017 -0.818253 -0.161639
v -1.059598 0.719386 -0.000000
v -1.075556 0.719386 0.038527
v -1.168568 0.719386 -0.000000
v -1.152610 0.719386 -0.038527
v -0.718486 0.719386 -0.000000
v -0.702527 0.719386 -0.038527
v -0.268403 0.719386 -0.000000
v -0.252444 0.719386 -0.038527
v -0.528859 -1.176550 -0.066378
v -0.520806 -1.129614 0.046936
v -0.520806 -1.129614 -0.046936
v -0.501364 -1.110172 -0.000000
v -0.520806 -1.223486 0.046936
v -0.528859 -1.176550 0.066378
v -0.520806 -1.223486 -0.046936
v -0.501364 -1.242928 -0.000000
v -0.951364 -0.181382 -0.000000
v -0.376408 -1.243616 -0.000000
v -0.356765 -1.223973 -0.047423
v -0.356765 -1.223973 0.047423
v -0.826408 -1.243616 -0.000000
v -0.348628 -1.176550 0.067066
v -0.376408 -1.109484 -0.000000
v -0.806765 -1.223973 -0.047423
v -0.348628 -1.176550 -0.067066
v -0.356765 -1.129127 -0.047423
v -0.356765 -1.129127 0.047423
v -0.798629 -1.176550 0.067066
v -0.806765 -1.223973 0.047423
v -0.798628 -1.176550 -0.067066
v -0.806765 -1.129127 -0.047423
v -0.826408 -0.314826 -0.000000
v -0.806765 -0.295183 -0.047423
v -0.826408 -0.180694 -0.000000
v -0.356765 -0.296539 0.047423
v -0.376408 -0.316182 -0.000000
v -0.356765 -0.296539 -0.047423
v -0.798628 -0.247760 -0.067066
v -0.806765 -0.200337 -0.047423
v -0.806765 -0.200337 0.047423
v -0.348628 -0.249116 0.067066
v -0.376408 -0.182050 -0.000000
v -0.348629 -0.249116 -0.067066
v -0.356765 -0.201693 -0.047423
v -0.356765 -0.201693 0.047423
vt 0.100766 0.843068
vt 0.100766 0.845767
vt 0.099943 0.845774
vt 0.099943 0.843075
vt 0.139129 0.941914
vt 0.139119 0.939218
vt 0.140150 0.939220
vt 0.140160 0.941916
vt 0.140957 0.939185
vt 0.140967 0.941881
vt 0.084137 0.923194
vt 0.084137 0.920495
vt 0.085167 0.920496
vt 0.085166 0.923195
vt 0.085981 0.920490
vt 0.085980 0.923189
vt 0.123245 0.865669
vt 0.123227 0.868366
vt 0.122193 0.868362
vt 0.122211 0.865665
vt 0.451587 0.906800
vt 0.450938 0.906805
vt 0.450907 0.906554
vt 0.451488 0.906550
vt 0.121407 0.868330
vt 0.121426 0.865633
vt 0.101794 0.843069
vt 0.101794 0.845768
vt 0.489973 0.886999
vt 0.489146 0.886999
vt 0.488562 0.886417
vt 0.488688 0.886373
vt 0.489195 0.886877
vt 0.489911 0.886877
vt 0.490418 0.886373
vt 0.490418 0.885659
vt 0.490557 0.885594
vt 0.490557 0.886417
vt 0.140109 0.938901
vt 0.139186 0.938900
vt 0.139160 0.931904
vt 0.140083 0.931906
vt 0.463373 0.847231
vt 0.464192 0.847233
vt 0.464136 0.847483
vt 0.463402 0.847482
vt 0.462717 0.847237
vt 0.462815 0.847487
vt 0.495413 0.921703
vt 0.494770 0.921731
vt 0.494737 0.921477
vt 0.495313 0.921452
vt 0.480454 0.865244
vt 0.481278 0.865247
vt 0.481226 0.865492
vt 0.480488 0.865489
vt 0.450117 0.906804
vt 0.450172 0.906553
vt 0.479828 0.865219
vt 0.479928 0.865467
vt 0.493948 0.921730
vt 0.494001 0.921476
vt 0.463403 0.853065
vt 0.464136 0.853066
vt 0.464098 0.853328
vt 0.463422 0.853327
vt 0.121532 0.868641
vt 0.122235 0.868670
vt 0.122187 0.875668
vt 0.121484 0.875639
vt 0.085857 0.920177
vt 0.085128 0.920182
vt 0.085129 0.913179
vt 0.085858 0.913174
vt 0.140831 0.938870
vt 0.140805 0.931875
vt 0.100066 0.846088
vt 0.100803 0.846081
vt 0.100803 0.853084
vt 0.100066 0.853091
vt 0.101723 0.846082
vt 0.101723 0.853086
vt 0.123161 0.868673
vt 0.123113 0.875671
vt 0.084206 0.920181
vt 0.084207 0.913178
vt 0.140720 0.931545
vt 0.140054 0.931573
vt 0.139895 0.889171
vt 0.140561 0.889142
vt 0.480450 0.871068
vt 0.481188 0.871071
vt 0.481152 0.871329
vt 0.480472 0.871327
vt 0.450908 0.900971
vt 0.450173 0.900970
vt 0.450210 0.900708
vt 0.450887 0.900709
vt 0.494716 0.915900
vt 0.493980 0.915899
vt 0.494016 0.915634
vt 0.494693 0.915635
vt 0.479889 0.871045
vt 0.479956 0.871306
vt 0.451489 0.900967
vt 0.451422 0.900705
vt 0.495292 0.915875
vt 0.495224 0.915613
vt 0.462815 0.853070
vt 0.462881 0.853332
vt 0.479726 0.905123
vt 0.480242 0.905143
vt 0.480221 0.905275
vt 0.479668 0.905252
vt 0.100149 0.853420
vt 0.100828 0.853413
vt 0.100831 0.895864
vt 0.100152 0.895870
vt 0.101675 0.853415
vt 0.101678 0.895865
vt 0.122215 0.875992
vt 0.123068 0.875996
vt 0.122779 0.918416
vt 0.121926 0.918412
vt 0.085103 0.912850
vt 0.084254 0.912849
vt 0.084259 0.870397
vt 0.085109 0.870398
vt 0.139204 0.931572
vt 0.139045 0.889169
vt 0.121568 0.875966
vt 0.121279 0.918386
vt 0.085774 0.912845
vt 0.085780 0.870393
vt 0.085130 0.870236
vt 0.084221 0.870235
vt 0.084223 0.853136
vt 0.085132 0.853137
vt 0.451426 0.866863
vt 0.450891 0.866867
vt 0.450908 0.866738
vt 0.451482 0.866734
vt 0.495097 0.881810
vt 0.494567 0.881832
vt 0.494584 0.881706
vt 0.495152 0.881682
vt 0.462884 0.887173
vt 0.463425 0.887168
vt 0.463408 0.887297
vt 0.462829 0.887302
vt 0.464100 0.887169
vt 0.464132 0.887298
vt 0.480921 0.905146
vt 0.480949 0.905278
vt 0.450214 0.866866
vt 0.450183 0.866737
vt 0.493889 0.881831
vt 0.493858 0.881705
vt 0.463409 0.900927
vt 0.464133 0.900928
vt 0.464192 0.901078
vt 0.463379 0.901077
vt 0.139917 0.889012
vt 0.139007 0.889011
vt 0.138943 0.871932
vt 0.139853 0.871933
vt 0.121207 0.918549
vt 0.121900 0.918577
vt 0.121784 0.935663
vt 0.121090 0.935635
vt 0.085849 0.870231
vt 0.085851 0.853132
vt 0.140630 0.888982
vt 0.140566 0.871902
vt 0.100083 0.896032
vt 0.100810 0.896025
vt 0.100812 0.913124
vt 0.100084 0.913130
vt 0.101718 0.896026
vt 0.101719 0.913125
vt 0.122814 0.918581
vt 0.122697 0.935667
vt 0.085981 0.852944
vt 0.085172 0.852949
vt 0.085173 0.851004
vt 0.085981 0.850999
vt 0.480128 0.918896
vt 0.480856 0.918899
vt 0.480908 0.919054
vt 0.480090 0.919050
vt 0.450910 0.853107
vt 0.450185 0.853106
vt 0.450128 0.852956
vt 0.450942 0.852957
vt 0.494533 0.868091
vt 0.493807 0.868090
vt 0.493750 0.867944
vt 0.494566 0.867945
vt 0.479575 0.918873
vt 0.479469 0.919025
vt 0.451483 0.853103
vt 0.451586 0.852953
vt 0.495101 0.868066
vt 0.495204 0.867918
vt 0.462830 0.900933
vt 0.462728 0.901083
vt 0.479458 0.920575
vt 0.480080 0.920600
vt 0.480117 0.920768
vt 0.479567 0.920745
vt 0.140695 0.871716
vt 0.139894 0.871751
vt 0.139894 0.871556
vt 0.140149 0.871420
vt 0.140254 0.871113
vt 0.140147 0.870815
vt 0.139890 0.870701
vt 0.139887 0.869808
vt 0.140688 0.869774
vt 0.099956 0.913319
vt 0.100774 0.913311
vt 0.100774 0.915256
vt 0.099956 0.915263
vt 0.101794 0.913312
vt 0.101794 0.915257
vt 0.121736 0.935857
vt 0.122763 0.935861
vt 0.122749 0.937805
vt 0.121723 0.937801
vt 0.084150 0.852948
vt 0.084151 0.851003
vt 0.138871 0.871749
vt 0.138864 0.869807
vt 0.139564 0.870826
vt 0.139430 0.871128
vt 0.139566 0.871430
vt 0.120957 0.935826
vt 0.120944 0.937769
vt 0.085846 0.850782
vt 0.085131 0.850787
vt 0.084688 0.848370
vt 0.085354 0.848078
vt 0.451587 0.851402
vt 0.450942 0.851407
vt 0.450909 0.851233
vt 0.451479 0.851230
vt 0.495198 0.866369
vt 0.494560 0.866397
vt 0.494524 0.866219
vt 0.495089 0.866195
vt 0.462728 0.902633
vt 0.463379 0.902627
vt 0.463411 0.902801
vt 0.462835 0.902806
vt 0.464192 0.902628
vt 0.464131 0.902802
vt 0.480898 0.920603
vt 0.480841 0.920770
vt 0.450128 0.851406
vt 0.450188 0.851233
vt 0.493744 0.866396
vt 0.493803 0.866218
vt 0.087046 0.888210
vt 0.087048 0.912898
vt 0.086280 0.912906
vt 0.086278 0.888217
vt 0.142992 0.870101
vt 0.143397 0.894759
vt 0.142435 0.894769
vt 0.142030 0.870111
vt 0.141683 0.894811
vt 0.141278 0.870153
vt 0.070494 0.878129
vt 0.070497 0.853439
vt 0.071458 0.853440
vt 0.071455 0.878130
vt 0.072217 0.853435
vt 0.072214 0.878125
vt 0.141227 0.937351
vt 0.142183 0.912697
vt 0.143147 0.912732
vt 0.142191 0.937385
vt 0.496591 0.886296
vt 0.497358 0.886287
vt 0.497406 0.886506
vt 0.496568 0.886516
vt 0.143878 0.912785
vt 0.142922 0.937438
vt 0.088005 0.888211
vt 0.088007 0.912900
vt 0.495628 0.920241
vt 0.496397 0.920268
vt 0.496422 0.920626
vt 0.495558 0.920596
vt 0.071490 0.853160
vt 0.070440 0.853158
vt 0.070441 0.851245
vt 0.071490 0.851246
vt 0.440614 0.853344
vt 0.440009 0.853348
vt 0.440034 0.853125
vt 0.440696 0.853120
vt 0.452437 0.900748
vt 0.453202 0.900749
vt 0.453248 0.900972
vt 0.452413 0.900971
vt 0.451825 0.900754
vt 0.451744 0.900977
vt 0.495991 0.886329
vt 0.495913 0.886552
vt 0.497158 0.900615
vt 0.496390 0.900588
vt 0.496357 0.900359
vt 0.497196 0.900389
vt 0.439243 0.853348
vt 0.439198 0.853124
vt 0.497741 0.900657
vt 0.497833 0.900435
vt 0.452413 0.902496
vt 0.453248 0.902498
vt 0.453176 0.902694
vt 0.452451 0.902692
vt 0.142406 0.895046
vt 0.143457 0.895034
vt 0.143488 0.896945
vt 0.142438 0.896957
vt 0.143993 0.912506
vt 0.143194 0.912448
vt 0.143206 0.912141
vt 0.143498 0.912018
vt 0.143631 0.911678
vt 0.143525 0.911321
vt 0.143244 0.911156
vt 0.143268 0.910537
vt 0.144067 0.910595
vt 0.072319 0.853154
vt 0.072320 0.851241
vt 0.141585 0.895091
vt 0.141616 0.897002
vt 0.086179 0.913186
vt 0.087018 0.913179
vt 0.087018 0.915092
vt 0.086179 0.915100
vt 0.088065 0.913180
vt 0.088065 0.915093
vt 0.142141 0.912410
vt 0.142215 0.910500
vt 0.142861 0.911287
vt 0.142691 0.911630
vt 0.142834 0.911984
vt 0.099750 0.956410
vt 0.099101 0.957057
vt 0.098182 0.957057
vt 0.097533 0.956410
vt 0.097533 0.955495
vt 0.098182 0.954849
vt 0.099101 0.954849
vt 0.099750 0.955495
vt 0.497255 0.898866
vt 0.496416 0.898836
vt 0.496488 0.898649
vt 0.497218 0.898675
vt 0.440035 0.851600
vt 0.439198 0.851599
vt 0.439269 0.851403
vt 0.439995 0.851404
vt 0.496593 0.888039
vt 0.497431 0.888030
vt 0.497365 0.888231
vt 0.496637 0.888239
vt 0.497892 0.898912
vt 0.497771 0.898715
vt 0.440696 0.851595
vt 0.440570 0.851400
vt 0.495938 0.888076
vt 0.496068 0.888271
vt 0.451745 0.902503
vt 0.451869 0.902698
vt 0.142222 0.937834
vt 0.143044 0.937894
vt 0.143034 0.938153
vt 0.142212 0.938093
vt 0.439241 0.873030
vt 0.440007 0.873031
vt 0.440040 0.873394
vt 0.439180 0.873393
vt 0.496980 0.920310
vt 0.497076 0.920674
vt 0.497035 0.866630
vt 0.496269 0.866638
vt 0.496227 0.866272
vt 0.497089 0.866262
vt 0.440612 0.873027
vt 0.440720 0.873389
vt 0.453200 0.881067
vt 0.452436 0.881066
vt 0.452404 0.880703
vt 0.453262 0.880704
vt 0.451824 0.881072
vt 0.451716 0.880709
vt 0.495669 0.866672
vt 0.495554 0.866309
vt 0.495550 0.920802
vt 0.496414 0.920833
vt 0.496387 0.921015
vt 0.495571 0.920986
vt 0.071497 0.878585
vt 0.072350 0.878579
vt 0.072350 0.878839
vt 0.071497 0.878844
vt 0.141979 0.869651
vt 0.141134 0.869698
vt 0.141130 0.869439
vt 0.141975 0.869392
vt 0.087006 0.887754
vt 0.086143 0.887762
vt 0.086143 0.887503
vt 0.087006 0.887495
vt 0.088083 0.887756
vt 0.088083 0.887496
vt 0.141140 0.937796
vt 0.141130 0.938055
vt 0.070418 0.878584
vt 0.070418 0.878843
vt 0.143059 0.869639
vt 0.143055 0.869380
vt 0.142179 0.938322
vt 0.142955 0.938378
vt 0.143173 0.939017
vt 0.142429 0.939255
vt 0.439180 0.873599
vt 0.440040 0.873600
vt 0.440023 0.873781
vt 0.439211 0.873780
vt 0.497085 0.866056
vt 0.496224 0.866065
vt 0.496239 0.865887
vt 0.497053 0.865878
vt 0.497068 0.920880
vt 0.497006 0.921060
vt 0.440720 0.873596
vt 0.440666 0.873776
vt 0.495550 0.866103
vt 0.495602 0.865923
vt 0.452404 0.880496
vt 0.451716 0.880503
vt 0.451770 0.880322
vt 0.452420 0.880316
vt 0.453262 0.880497
vt 0.453231 0.880317
vt 0.117696 0.936793
vt 0.116622 0.936793
vt 0.116622 0.936436
vt 0.117696 0.936437
vt 0.433956 0.931369
vt 0.434559 0.931313
vt 0.434651 0.931436
vt 0.433999 0.931495
vt 0.116650 0.936963
vt 0.116656 0.945349
vt 0.115861 0.945357
vt 0.115854 0.936971
vt 0.062847 0.951607
vt 0.063919 0.951469
vt 0.063964 0.951822
vt 0.062892 0.951960
vt 0.411868 0.922040
vt 0.411248 0.921983
vt 0.411192 0.921838
vt 0.411862 0.921899
vt 0.037144 0.939742
vt 0.036045 0.948047
vt 0.035057 0.947912
vt 0.036157 0.939607
vt 0.125538 0.931198
vt 0.124462 0.931174
vt 0.124470 0.930818
vt 0.125545 0.930842
vt 0.476827 0.919932
vt 0.476035 0.919932
vt 0.476013 0.919796
vt 0.476870 0.919797
vt 0.034280 0.947841
vt 0.035380 0.939536
vt 0.115762 0.936801
vt 0.115762 0.936445
vt 0.433166 0.931470
vt 0.433145 0.931605
vt 0.125482 0.931367
vt 0.125301 0.939752
vt 0.124306 0.939729
vt 0.124487 0.931344
vt 0.123611 0.931162
vt 0.123619 0.930805
vt 0.412655 0.922147
vt 0.412713 0.922015
vt 0.123519 0.939718
vt 0.123700 0.931333
vt 0.412750 0.921734
vt 0.411899 0.921618
vt 0.411932 0.921535
vt 0.412727 0.921644
vt 0.475401 0.919938
vt 0.475328 0.919803
vt 0.062874 0.951437
vt 0.061820 0.943122
vt 0.062811 0.942995
vt 0.063865 0.951309
vt 0.476041 0.926617
vt 0.476833 0.926618
vt 0.476869 0.926811
vt 0.476022 0.926811
vt 0.064737 0.951394
vt 0.064781 0.951747
vt 0.063568 0.942925
vt 0.064622 0.951240
vt 0.036150 0.939431
vt 0.035310 0.939354
vt 0.035357 0.939001
vt 0.036197 0.939078
vt 0.483076 0.915470
vt 0.482283 0.915453
vt 0.482263 0.915317
vt 0.483121 0.915336
vt 0.117643 0.936963
vt 0.117650 0.945350
vt 0.481656 0.915444
vt 0.481585 0.915307
vt 0.037218 0.939577
vt 0.037264 0.939224
vt 0.037234 0.939111
vt 0.036237 0.938974
vt 0.036254 0.938752
vt 0.037262 0.938756
vt 0.483127 0.915052
vt 0.482269 0.915033
vt 0.482291 0.914944
vt 0.483093 0.914962
vt 0.433181 0.931887
vt 0.434035 0.931777
vt 0.434023 0.931872
vt 0.433225 0.931975
vt 0.476869 0.919513
vt 0.476013 0.919512
vt 0.476032 0.919423
vt 0.476832 0.919424
vt 0.475327 0.919519
vt 0.475391 0.919429
vt 0.479060 0.923875
vt 0.479060 0.924736
vt 0.478991 0.924708
vt 0.478991 0.923904
vt 0.481591 0.915023
vt 0.481658 0.914935
vt 0.434687 0.931717
vt 0.434633 0.931816
vt 0.115782 0.945600
vt 0.116633 0.945592
vt 0.116634 0.946867
vt 0.115784 0.946876
vt 0.481512 0.922128
vt 0.482139 0.922137
vt 0.482115 0.922330
vt 0.481445 0.922321
vt 0.410991 0.928660
vt 0.411778 0.928768
vt 0.411787 0.928962
vt 0.410946 0.928847
vt 0.433116 0.924740
vt 0.432326 0.924842
vt 0.432269 0.924651
vt 0.433114 0.924542
vt 0.475406 0.926624
vt 0.475344 0.926818
vt 0.410371 0.928603
vt 0.410283 0.928786
vt 0.433719 0.924685
vt 0.433759 0.924483
vt 0.482932 0.922155
vt 0.482963 0.922349
vt 0.433631 0.923475
vt 0.432986 0.923534
vt 0.432934 0.923333
vt 0.433529 0.923278
vt 0.117695 0.945593
vt 0.117696 0.946868
vt 0.062809 0.942746
vt 0.061749 0.942883
vt 0.061589 0.941618
vt 0.062648 0.941481
vt 0.124276 0.939972
vt 0.125340 0.939996
vt 0.125312 0.941271
vt 0.124249 0.941247
vt 0.035001 0.948146
vt 0.036056 0.948290
vt 0.035889 0.949554
vt 0.034833 0.949409
vt 0.063617 0.942672
vt 0.063457 0.941407
vt 0.123435 0.939959
vt 0.123407 0.941235
vt 0.034170 0.948070
vt 0.034002 0.949333
vt 0.116662 0.947131
vt 0.117642 0.947132
vt 0.117581 0.947667
vt 0.116605 0.947550
vt 0.481423 0.923337
vt 0.482093 0.923347
vt 0.482112 0.923557
vt 0.481493 0.923549
vt 0.410150 0.929793
vt 0.410812 0.929854
vt 0.410808 0.930068
vt 0.410197 0.930012
vt 0.475345 0.927834
vt 0.476023 0.927828
vt 0.476045 0.928038
vt 0.475419 0.928044
vt 0.476870 0.927828
vt 0.476827 0.928039
vt 0.432141 0.923643
vt 0.432154 0.923433
vt 0.482941 0.923366
vt 0.482895 0.923575
vt 0.411654 0.929969
vt 0.411585 0.930174
vt 0.112840 0.938174
vt 0.112847 0.946240
vt 0.112058 0.946248
vt 0.112052 0.938182
vt 0.067674 0.941805
vt 0.066916 0.949826
vt 0.065934 0.949728
vt 0.066691 0.941707
vt 0.065161 0.949687
vt 0.065919 0.941665
vt 0.129248 0.932635
vt 0.129074 0.940698
vt 0.128088 0.940676
vt 0.128262 0.932612
vt 0.127308 0.940665
vt 0.127482 0.932601
vt 0.038509 0.950627
vt 0.037634 0.942614
vt 0.038618 0.942505
vt 0.039493 0.950517
vt 0.435605 0.930108
vt 0.436389 0.930186
vt 0.436402 0.930350
vt 0.435573 0.930267
vt 0.039369 0.942449
vt 0.040244 0.950462
vt 0.113825 0.938175
vt 0.113831 0.946241
vt 0.436209 0.923714
vt 0.435593 0.923681
vt 0.435540 0.923479
vt 0.436205 0.923515
vt 0.038489 0.950871
vt 0.039551 0.950752
vt 0.039695 0.952076
vt 0.038633 0.952194
vt 0.413742 0.930825
vt 0.414527 0.930737
vt 0.414573 0.930925
vt 0.413727 0.931019
vt 0.486079 0.916481
vt 0.485293 0.916464
vt 0.485275 0.916268
vt 0.486123 0.916287
vt 0.415126 0.930693
vt 0.415219 0.930876
vt 0.436992 0.923792
vt 0.437050 0.923598
vt 0.484671 0.916455
vt 0.484604 0.916258
vt 0.473783 0.920898
vt 0.472998 0.920898
vt 0.472977 0.920702
vt 0.473824 0.920703
vt 0.472370 0.920904
vt 0.472299 0.920709
vt 0.472977 0.919640
vt 0.472298 0.919647
vt 0.472360 0.919468
vt 0.472995 0.919462
vt 0.129304 0.932391
vt 0.128240 0.932367
vt 0.128268 0.931036
vt 0.129332 0.931059
vt 0.067746 0.941562
vt 0.066686 0.941458
vt 0.066811 0.940133
vt 0.067871 0.940238
vt 0.040361 0.950692
vt 0.040506 0.952015
vt 0.127398 0.932355
vt 0.127427 0.931023
vt 0.065852 0.941412
vt 0.065977 0.940088
vt 0.112814 0.937929
vt 0.111963 0.937938
vt 0.111962 0.936606
vt 0.112813 0.936598
vt 0.113876 0.937930
vt 0.113875 0.936598
vt 0.135738 0.893158
vt 0.136740 0.893158
vt 0.137449 0.893865
vt 0.137449 0.894863
vt 0.136740 0.895570
vt 0.135738 0.895570
vt 0.135029 0.894863
vt 0.135029 0.893865
vt 0.473823 0.919641
vt 0.473787 0.919463
vt 0.413842 0.932074
vt 0.414689 0.931979
vt 0.414686 0.932163
vt 0.413894 0.932251
vt 0.486146 0.915226
vt 0.485298 0.915206
vt 0.485321 0.915028
vt 0.486115 0.915046
vt 0.437150 0.922543
vt 0.436304 0.922459
vt 0.436341 0.922286
vt 0.437132 0.922364
vt 0.415334 0.931931
vt 0.415290 0.932118
vt 0.484627 0.915197
vt 0.484694 0.915019
vt 0.435640 0.922423
vt 0.435720 0.922252
vt 0.065893 0.949928
vt 0.066934 0.950031
vt 0.066803 0.951412
vt 0.065763 0.951309
vt 0.484532 0.922883
vt 0.485154 0.922892
vt 0.485134 0.923056
vt 0.484476 0.923046
vt 0.473004 0.927327
vt 0.473788 0.927328
vt 0.473819 0.927492
vt 0.472988 0.927491
vt 0.472375 0.927333
vt 0.472323 0.927498
vt 0.434989 0.930075
vt 0.434921 0.930232
vt 0.413830 0.924350
vt 0.413045 0.924437
vt 0.413000 0.924275
vt 0.413831 0.924182
vt 0.485940 0.922910
vt 0.485966 0.923074
vt 0.414429 0.924305
vt 0.414464 0.924135
vt 0.472989 0.928598
vt 0.473820 0.928598
vt 0.473780 0.928779
vt 0.473009 0.928778
vt 0.039414 0.942235
vt 0.038619 0.942294
vt 0.038469 0.940916
vt 0.039264 0.940856
vt 0.127237 0.940870
vt 0.128063 0.940881
vt 0.128033 0.942269
vt 0.127207 0.942257
vt 0.065076 0.949884
vt 0.064945 0.951264
vt 0.111992 0.946454
vt 0.112827 0.946445
vt 0.112828 0.947833
vt 0.111993 0.947842
vt 0.113869 0.946446
vt 0.113871 0.947834
vt 0.037577 0.942411
vt 0.037427 0.941031
vt 0.129107 0.940905
vt 0.129077 0.942293
vt 0.065010 0.951498
vt 0.065769 0.951540
vt 0.066144 0.952234
vt 0.065402 0.952472
vt 0.413711 0.923083
vt 0.412880 0.923175
vt 0.412896 0.922996
vt 0.413667 0.922910
vt 0.485110 0.924162
vt 0.485942 0.924181
vt 0.485900 0.924360
vt 0.485128 0.924342
vt 0.435469 0.931368
vt 0.436298 0.931450
vt 0.436244 0.931628
vt 0.435474 0.931552
vt 0.414344 0.923036
vt 0.414255 0.922866
vt 0.484452 0.924152
vt 0.484517 0.924334
vt 0.434817 0.931333
vt 0.434869 0.931519
vt 0.472324 0.928604
vt 0.472392 0.928784
vt 0.078006 0.945512
vt 0.078006 0.943648
vt 0.078311 0.943666
vt 0.078311 0.945480
vt 0.069032 0.947718
vt 0.069032 0.949596
vt 0.068728 0.949471
vt 0.068728 0.947719
vt 0.068425 0.949596
vt 0.068425 0.947718
vt 0.148535 0.844958
vt 0.148535 0.843151
vt 0.148840 0.843068
vt 0.148840 0.844924
vt 0.149143 0.843152
vt 0.149143 0.844959
vt 0.069288 0.939744
vt 0.069288 0.937867
vt 0.069592 0.937991
vt 0.069592 0.939743
vt 0.069895 0.937867
vt 0.069895 0.939744
vt 0.077704 0.945478
vt 0.077704 0.943665
vt 0.438521 0.922148
vt 0.438763 0.922149
vt 0.438716 0.922404
vt 0.438521 0.922403
vt 0.069591 0.940063
vt 0.069835 0.940064
vt 0.069835 0.947249
vt 0.069591 0.947248
vt 0.438075 0.928506
vt 0.437833 0.928507
vt 0.437833 0.928252
vt 0.438028 0.928251
vt 0.501697 0.846560
vt 0.501938 0.846588
vt 0.501890 0.846845
vt 0.501697 0.846823
vt 0.444988 0.926720
vt 0.445229 0.926747
vt 0.445230 0.926975
vt 0.445037 0.926954
vt 0.445472 0.926722
vt 0.445425 0.926955
vt 0.437591 0.928506
vt 0.437639 0.928251
vt 0.438279 0.922149
vt 0.438327 0.922404
vt 0.501454 0.846586
vt 0.501502 0.846844
vt 0.438028 0.922524
vt 0.437833 0.922524
vt 0.437833 0.922286
vt 0.438112 0.922285
vt 0.148840 0.845254
vt 0.149082 0.845282
vt 0.149082 0.852197
vt 0.148840 0.852169
vt 0.068728 0.947400
vt 0.068485 0.947399
vt 0.068485 0.940214
vt 0.068728 0.940215
vt 0.078007 0.945798
vt 0.078252 0.945773
vt 0.078252 0.952715
vt 0.078007 0.952740
vt 0.077764 0.945771
vt 0.077764 0.952713
vt 0.069348 0.940064
vt 0.069348 0.947249
vt 0.148595 0.845281
vt 0.148595 0.852196
vt 0.068973 0.947399
vt 0.068973 0.940214
vt 0.077657 0.953030
vt 0.078005 0.953069
vt 0.078005 0.955105
vt 0.077657 0.955009
vt 0.438521 0.928131
vt 0.438716 0.928131
vt 0.438800 0.928370
vt 0.438521 0.928369
vt 0.501697 0.852335
vt 0.501890 0.852357
vt 0.501976 0.852565
vt 0.501698 0.852533
vt 0.437639 0.922524
vt 0.437554 0.922285
vt 0.445230 0.932509
vt 0.445425 0.932489
vt 0.445509 0.932742
vt 0.445228 0.932771
vt 0.445037 0.932488
vt 0.444951 0.932741
vt 0.438327 0.928131
vt 0.438242 0.928370
vt 0.501502 0.852356
vt 0.501418 0.852564
vt 0.083396 0.952405
vt 0.083348 0.952387
vt 0.083296 0.952287
vt 0.083409 0.952385
vt 0.069241 0.947548
vt 0.069592 0.947546
vt 0.069592 0.949449
vt 0.069241 0.949595
vt 0.148489 0.852455
vt 0.148841 0.852417
vt 0.148841 0.854445
vt 0.148489 0.854426
vt 0.069079 0.939915
vt 0.068728 0.939916
vt 0.068728 0.938013
vt 0.069079 0.937867
vt 0.069942 0.947548
vt 0.069942 0.949595
vt 0.149190 0.852457
vt 0.149190 0.854428
vt 0.068378 0.939915
vt 0.068378 0.937867
vt 0.078357 0.953033
vt 0.078357 0.955011
vt 0.053733 0.954618
vt 0.053733 0.961111
vt 0.052250 0.961263
vt 0.052250 0.954770
vt 0.148356 0.872359
vt 0.148356 0.865638
vt 0.149833 0.865633
vt 0.149833 0.872354
vt 0.151306 0.865638
vt 0.151306 0.872359
vt 0.108020 0.954615
vt 0.108020 0.961083
vt 0.106539 0.961245
vt 0.106539 0.954777
vt 0.105069 0.961076
vt 0.105069 0.954608
vt 0.135372 0.952095
vt 0.135372 0.958815
vt 0.133896 0.958821
vt 0.133896 0.952101
vt 0.095956 0.946453
vt 0.094423 0.946425
vt 0.094286 0.946080
vt 0.096093 0.946113
vt 0.132421 0.958815
vt 0.132421 0.952095
vt 0.055200 0.954779
vt 0.055200 0.961273
vt 0.132567 0.951468
vt 0.133896 0.951473
vt 0.132567 0.941574
vt 0.132613 0.941554
vt 0.132660 0.941433
vt 0.132966 0.940757
vt 0.132660 0.940079
vt 0.132613 0.939957
vt 0.132567 0.939936
vt 0.132567 0.934703
vt 0.133896 0.934708
vt 0.133896 0.937025
vt 0.133347 0.937249
vt 0.133120 0.937795
vt 0.133347 0.938343
vt 0.133896 0.938571
vt 0.133896 0.947717
vt 0.133347 0.947942
vt 0.133120 0.948487
vt 0.133347 0.949035
vt 0.133896 0.949264
vt 0.149832 0.872981
vt 0.148501 0.872985
vt 0.105216 0.953967
vt 0.106541 0.954119
vt 0.053730 0.954066
vt 0.055053 0.954212
vt 0.052393 0.954203
vt 0.151160 0.872985
vt 0.135226 0.951468
vt 0.107876 0.953974
vt 0.088446 0.953655
vt 0.089415 0.954639
vt 0.089313 0.955022
vt 0.088137 0.953827
vt 0.105216 0.937832
vt 0.106541 0.937984
vt 0.106541 0.944489
vt 0.106093 0.944584
vt 0.105624 0.944722
vt 0.105235 0.945587
vt 0.105624 0.946541
vt 0.106093 0.946786
vt 0.106541 0.946983
vt 0.151160 0.889751
vt 0.149832 0.889746
vt 0.149832 0.884859
vt 0.150754 0.884481
vt 0.151135 0.883563
vt 0.150754 0.882643
vt 0.149832 0.882259
vt 0.149832 0.880288
vt 0.150754 0.879910
vt 0.151135 0.878992
vt 0.150754 0.878072
vt 0.149832 0.877688
vt 0.052393 0.938004
vt 0.053730 0.937867
vt 0.053730 0.942893
vt 0.053521 0.942966
vt 0.052976 0.943793
vt 0.053521 0.944508
vt 0.053730 0.944538
vt 0.054349 0.944874
vt 0.054961 0.944676
vt 0.055053 0.944652
vt 0.134445 0.949035
vt 0.134672 0.948488
vt 0.134445 0.947942
vt 0.134445 0.938343
vt 0.134672 0.937795
vt 0.134445 0.937249
vt 0.135226 0.934703
vt 0.106630 0.947013
vt 0.107498 0.946542
vt 0.107856 0.945593
vt 0.107498 0.944723
vt 0.106630 0.944441
vt 0.107876 0.937838
vt 0.148908 0.878072
vt 0.148526 0.878992
vt 0.148908 0.879910
vt 0.148908 0.882643
vt 0.148526 0.883563
vt 0.148908 0.884481
vt 0.148501 0.889751
vt 0.149324 0.900159
vt 0.149152 0.901759
vt 0.148636 0.901760
vt 0.148808 0.900161
vt 0.090786 0.951153
vt 0.089415 0.951189
vt 0.089313 0.950837
vt 0.090976 0.950792
vt 0.091756 0.953567
vt 0.091756 0.952137
vt 0.092152 0.951987
vt 0.092152 0.953721
vt 0.090786 0.954603
vt 0.090976 0.954978
vt 0.088446 0.952225
vt 0.088137 0.952094
vt 0.048495 0.949752
vt 0.050171 0.949782
vt 0.050071 0.950142
vt 0.048693 0.950117
vt 0.131622 0.947821
vt 0.131615 0.946213
vt 0.132149 0.946213
vt 0.132156 0.947821
vt 0.131666 0.957557
vt 0.131484 0.955945
vt 0.131998 0.955943
vt 0.132179 0.957556
vt 0.143879 0.948687
vt 0.143874 0.947078
vt 0.144407 0.947078
vt 0.144412 0.948687
vt 0.131622 0.944607
vt 0.132156 0.944607
vt 0.131666 0.954343
vt 0.132179 0.954342
vt 0.143879 0.945473
vt 0.144412 0.945473
vt 0.149324 0.903373
vt 0.148808 0.903375
vt 0.120357 0.937621
vt 0.120362 0.936300
vt 0.120739 0.936300
vt 0.120733 0.937621
vt 0.047309 0.952694
vt 0.047309 0.950958
vt 0.047718 0.951108
vt 0.047718 0.952536
vt 0.048495 0.953943
vt 0.048693 0.953563
vt 0.051357 0.952768
vt 0.050171 0.953974
vt 0.050071 0.953588
vt 0.051046 0.952597
vt 0.051357 0.951032
vt 0.051046 0.951169
vt 0.037330 0.954324
vt 0.037330 0.955752
vt 0.036356 0.956744
vt 0.034977 0.956719
vt 0.034002 0.955691
vt 0.034002 0.954264
vt 0.034977 0.953272
vt 0.036356 0.953297
vt 0.051519 0.956302
vt 0.051669 0.954985
vt 0.052031 0.954984
vt 0.051882 0.956301
vt 0.078520 0.947772
vt 0.078524 0.946453
vt 0.078901 0.946453
vt 0.078896 0.947772
vt 0.149716 0.844383
vt 0.149858 0.845711
vt 0.149494 0.845712
vt 0.149352 0.844384
vt 0.149858 0.843068
vt 0.149494 0.843069
vt 0.120362 0.938943
vt 0.120739 0.938943
vt 0.051669 0.957628
vt 0.052031 0.957627
vt 0.078524 0.949096
vt 0.078901 0.949096
vt 0.037630 0.954952
vt 0.037815 0.953229
vt 0.038628 0.953226
vt 0.038442 0.954950
vt 0.095956 0.950286
vt 0.097040 0.949183
vt 0.097371 0.949331
vt 0.096093 0.950630
vt 0.097040 0.947595
vt 0.097371 0.947460
vt 0.094423 0.950258
vt 0.094286 0.950598
vt 0.093339 0.947528
vt 0.093009 0.947380
vt 0.093339 0.949115
vt 0.093009 0.949251
vt 0.042701 0.952904
vt 0.042701 0.951036
vt 0.044309 0.951687
vt 0.044309 0.952166
vt 0.044634 0.952496
vt 0.045094 0.952484
vt 0.045419 0.952137
vt 0.047028 0.952789
vt 0.045760 0.954144
vt 0.043968 0.954191
vt 0.075499 0.950994
vt 0.075507 0.952727
vt 0.074666 0.952727
vt 0.074659 0.950994
vt 0.069187 0.951483
vt 0.069383 0.953222
vt 0.068574 0.953224
vt 0.068378 0.951486
vt 0.149098 0.930750
vt 0.149103 0.932484
vt 0.148263 0.932484
vt 0.148257 0.930750
vt 0.075507 0.949263
vt 0.074666 0.949263
vt 0.069383 0.949758
vt 0.068574 0.949760
vt 0.149103 0.929020
vt 0.148263 0.929020
vt 0.037815 0.956693
vt 0.038628 0.956690
vt 0.059959 0.954618
vt 0.059959 0.961111
vt 0.058476 0.961263
vt 0.058476 0.954770
vt 0.147781 0.940710
vt 0.147781 0.933989
vt 0.149258 0.933985
vt 0.149258 0.940705
vt 0.150732 0.933989
vt 0.150732 0.940710
vt 0.111133 0.954615
vt 0.111133 0.961083
vt 0.109652 0.961245
vt 0.109652 0.954777
vt 0.108182 0.961076
vt 0.108182 0.954608
vt 0.135534 0.941429
vt 0.135534 0.934709
vt 0.137010 0.934703
vt 0.137010 0.941423
vt 0.091432 0.946453
vt 0.089898 0.946425
vt 0.089762 0.946080
vt 0.091568 0.946113
vt 0.138485 0.934709
vt 0.138485 0.941429
vt 0.061426 0.954779
vt 0.061426 0.961273
vt 0.138339 0.942056
vt 0.137010 0.942051
vt 0.138339 0.947916
vt 0.138294 0.947936
vt 0.138243 0.948067
vt 0.137941 0.948733
vt 0.138243 0.949401
vt 0.138294 0.949532
vt 0.138339 0.949553
vt 0.138339 0.958821
vt 0.137010 0.958816
vt 0.137010 0.956499
vt 0.137558 0.956275
vt 0.137786 0.955729
vt 0.137558 0.955181
vt 0.137010 0.954953
vt 0.137010 0.945791
vt 0.137558 0.945567
vt 0.137786 0.945021
vt 0.137558 0.944473
vt 0.137010 0.944245
vt 0.149258 0.941332
vt 0.147926 0.941336
vt 0.108329 0.953967
vt 0.109654 0.954119
vt 0.059956 0.954066
vt 0.061279 0.954212
vt 0.058619 0.954203
vt 0.150586 0.941337
vt 0.135679 0.942056
vt 0.110989 0.953974
vt 0.084269 0.953655
vt 0.085238 0.954639
vt 0.085135 0.955022
vt 0.083959 0.953827
vt 0.108329 0.937832
vt 0.109654 0.937984
vt 0.150586 0.958102
vt 0.149258 0.958098
vt 0.149258 0.955773
vt 0.149800 0.955551
vt 0.150025 0.955010
vt 0.149800 0.954468
vt 0.149258 0.954243
vt 0.149258 0.945080
vt 0.149800 0.944858
vt 0.150025 0.944318
vt 0.149800 0.943776
vt 0.149258 0.943550
vt 0.058619 0.944643
vt 0.058723 0.944670
vt 0.059336 0.944870
vt 0.059956 0.944540
vt 0.059956 0.946791
vt 0.059744 0.946864
vt 0.059200 0.947691
vt 0.059744 0.948407
vt 0.059956 0.948437
vt 0.060574 0.948773
vt 0.061184 0.948575
vt 0.061279 0.948550
vt 0.136461 0.944473
vt 0.136233 0.945021
vt 0.136461 0.945567
vt 0.136461 0.955181
vt 0.136233 0.955729
vt 0.136461 0.956275
vt 0.135679 0.958821
vt 0.110989 0.937838
vt 0.148714 0.943776
vt 0.148488 0.944318
vt 0.148714 0.944858
vt 0.148714 0.954468
vt 0.148488 0.955010
vt 0.148714 0.955551
vt 0.147926 0.958102
vt 0.147926 0.952867
vt 0.147969 0.952847
vt 0.148030 0.952691
vt 0.148321 0.952048
vt 0.148030 0.951407
vt 0.147969 0.951251
vt 0.147926 0.951232
vt 0.120505 0.953414
vt 0.120332 0.955013
vt 0.119816 0.955015
vt 0.119989 0.953416
vt 0.086609 0.951153
vt 0.085238 0.951189
vt 0.085135 0.950837
vt 0.086798 0.950792
vt 0.087578 0.953567
vt 0.087578 0.952137
vt 0.087974 0.951987
vt 0.087974 0.953721
vt 0.086609 0.954603
vt 0.086798 0.954978
vt 0.084269 0.952225
vt 0.083959 0.952094
vt 0.098719 0.950464
vt 0.100396 0.950495
vt 0.100295 0.950854
vt 0.098917 0.950829
vt 0.143880 0.945311
vt 0.143874 0.943703
vt 0.144407 0.943703
vt 0.144414 0.945311
vt 0.148777 0.897949
vt 0.148595 0.896336
vt 0.149109 0.896335
vt 0.149291 0.897948
vt 0.148799 0.863618
vt 0.148794 0.862009
vt 0.149328 0.862009
vt 0.149333 0.863618
vt 0.143880 0.942096
vt 0.144414 0.942096
vt 0.148777 0.894735
vt 0.149291 0.894733
vt 0.148799 0.860404
vt 0.149333 0.860404
vt 0.120505 0.956628
vt 0.119989 0.956630
vt 0.120357 0.934816
vt 0.120362 0.933495
vt 0.120739 0.933495
vt 0.120733 0.934816
vt 0.097533 0.953407
vt 0.097533 0.951670
vt 0.097942 0.951821
vt 0.097942 0.953249
vt 0.098719 0.954656
vt 0.098917 0.954276
vt 0.101581 0.953481
vt 0.100396 0.954687
vt 0.100295 0.954301
vt 0.101270 0.953309
vt 0.101581 0.951744
vt 0.101270 0.951882
vt 0.111962 0.955402
vt 0.111962 0.953974
vt 0.112936 0.952982
vt 0.114315 0.953008
vt 0.115290 0.954035
vt 0.115290 0.955462
vt 0.114315 0.956454
vt 0.112936 0.956429
vt 0.122520 0.956230
vt 0.122669 0.954913
vt 0.123032 0.954912
vt 0.122883 0.956229
vt 0.078520 0.944967
vt 0.078524 0.943648
vt 0.078901 0.943648
vt 0.078896 0.944967
vt 0.149630 0.930335
vt 0.149771 0.931663
vt 0.149407 0.931664
vt 0.149266 0.930336
vt 0.149771 0.929020
vt 0.149407 0.929021
vt 0.120362 0.936138
vt 0.120739 0.936138
vt 0.122669 0.957556
vt 0.123032 0.957555
vt 0.078524 0.946291
vt 0.078901 0.946291
vt 0.147634 0.862130
vt 0.147820 0.860407
vt 0.148632 0.860404
vt 0.148446 0.862127
vt 0.091432 0.950286
vt 0.092516 0.949183
vt 0.092846 0.949331
vt 0.091568 0.950630
vt 0.092516 0.947595
vt 0.092846 0.947460
vt 0.089898 0.950258
vt 0.089762 0.950598
vt 0.088814 0.947528
vt 0.088484 0.947380
vt 0.088814 0.949115
vt 0.088484 0.949251
vt 0.070170 0.952533
vt 0.070170 0.950665
vt 0.071779 0.951316
vt 0.071779 0.951795
vt 0.072104 0.952125
vt 0.072563 0.952113
vt 0.072888 0.951765
vt 0.074496 0.952418
vt 0.073229 0.953773
vt 0.071437 0.953821
vt 0.097332 0.952524
vt 0.097339 0.954257
vt 0.096499 0.954257
vt 0.096492 0.952524
vt 0.117260 0.949988
vt 0.117456 0.951726
vt 0.116647 0.951728
vt 0.116451 0.949990
vt 0.149196 0.891642
vt 0.149202 0.893377
vt 0.148361 0.893377
vt 0.148356 0.891642
vt 0.097339 0.950792
vt 0.096499 0.950792
vt 0.117456 0.948262
vt 0.116647 0.948264
vt 0.149202 0.889913
vt 0.148361 0.889913
vt 0.147820 0.863871
vt 0.148632 0.863868
vt 0.056830 0.944523
vt 0.056830 0.938029
vt 0.058313 0.937877
vt 0.058313 0.944370
vt 0.151208 0.922133
vt 0.151208 0.928853
vt 0.149730 0.928858
vt 0.149730 0.922137
vt 0.148257 0.928853
vt 0.148257 0.922133
vt 0.101956 0.944461
vt 0.101956 0.937993
vt 0.103437 0.937832
vt 0.103437 0.944300
vt 0.104907 0.938001
vt 0.104907 0.944469
vt 0.147618 0.951377
vt 0.147618 0.958097
vt 0.146143 0.958103
vt 0.146143 0.951383
vt 0.086907 0.946453
vt 0.085374 0.946425
vt 0.085237 0.946080
vt 0.087044 0.946113
vt 0.144668 0.958097
vt 0.144668 0.951377
vt 0.055363 0.944361
vt 0.055363 0.937867
vt 0.144813 0.950750
vt 0.146143 0.950755
vt 0.144813 0.933985
vt 0.146143 0.933990
vt 0.149731 0.921510
vt 0.151063 0.921506
vt 0.104760 0.945109
vt 0.103435 0.944957
vt 0.056833 0.945074
vt 0.055510 0.944928
vt 0.058170 0.944937
vt 0.148403 0.921506
vt 0.147473 0.950750
vt 0.102100 0.945103
vt 0.092623 0.953655
vt 0.093593 0.954639
vt 0.093490 0.955022
vt 0.092314 0.953827
vt 0.104760 0.961245
vt 0.103435 0.961092
vt 0.103435 0.956368
vt 0.104066 0.956137
vt 0.104352 0.955305
vt 0.104066 0.954408
vt 0.103435 0.954040
vt 0.103435 0.952650
vt 0.104267 0.952387
vt 0.104619 0.951552
vt 0.104267 0.950635
vt 0.103435 0.950181
vt 0.148403 0.904741
vt 0.149731 0.904745
vt 0.149731 0.907070
vt 0.149189 0.907292
vt 0.148964 0.907832
vt 0.149189 0.908374
vt 0.149731 0.908600
vt 0.149731 0.917778
vt 0.149189 0.918000
vt 0.148964 0.918541
vt 0.149189 0.919083
vt 0.149731 0.919308
vt 0.058170 0.950599
vt 0.058069 0.950572
vt 0.057455 0.950372
vt 0.056833 0.950703
vt 0.056619 0.950732
vt 0.056081 0.951443
vt 0.056619 0.952274
vt 0.056833 0.952350
vt 0.056833 0.954306
vt 0.056808 0.954293
vt 0.055936 0.954561
vt 0.055566 0.955398
vt 0.055936 0.956317
vt 0.056808 0.956777
vt 0.056833 0.956770
vt 0.056833 0.961273
vt 0.055510 0.961127
vt 0.147473 0.933985
vt 0.103423 0.950178
vt 0.103276 0.950242
vt 0.102507 0.950641
vt 0.102129 0.951558
vt 0.102507 0.952393
vt 0.103276 0.952623
vt 0.103423 0.952656
vt 0.103303 0.953992
vt 0.102810 0.954246
vt 0.102478 0.954440
vt 0.102149 0.955340
vt 0.102478 0.956168
vt 0.102810 0.956289
vt 0.103303 0.956436
vt 0.102100 0.961238
vt 0.150275 0.919083
vt 0.150500 0.918541
vt 0.150275 0.918000
vt 0.150275 0.908374
vt 0.150500 0.907832
vt 0.150275 0.907292
vt 0.151063 0.904741
vt 0.151063 0.914010
vt 0.151019 0.914030
vt 0.150962 0.914177
vt 0.150666 0.914829
vt 0.150962 0.915480
vt 0.151019 0.915627
vt 0.151063 0.915646
vt 0.120505 0.950036
vt 0.120332 0.951635
vt 0.119816 0.951637
vt 0.119989 0.950038
vt 0.094964 0.951153
vt 0.093593 0.951189
vt 0.093490 0.950837
vt 0.095153 0.950792
vt 0.095933 0.953567
vt 0.095933 0.952137
vt 0.096329 0.951987
vt 0.096329 0.953721
vt 0.094964 0.954603
vt 0.095153 0.954978
vt 0.092624 0.952225
vt 0.092314 0.952094
vt 0.100396 0.950302
vt 0.098719 0.950272
vt 0.098819 0.949912
vt 0.100198 0.949938
vt 0.131622 0.951198
vt 0.131615 0.949590
vt 0.132149 0.949590
vt 0.132156 0.951198
vt 0.096673 0.957634
vt 0.096492 0.956021
vt 0.097006 0.956020
vt 0.097187 0.957633
vt 0.143879 0.952064
vt 0.143874 0.950454
vt 0.144407 0.950454
vt 0.144412 0.952064
vt 0.131622 0.947983
vt 0.132156 0.947983
vt 0.096673 0.954420
vt 0.097187 0.954419
vt 0.143879 0.948849
vt 0.144412 0.948849
vt 0.120505 0.953250
vt 0.119989 0.953252
vt 0.120357 0.940426
vt 0.120362 0.939105
vt 0.120739 0.939105
vt 0.120733 0.940426
vt 0.101581 0.947360
vt 0.101581 0.949096
vt 0.101172 0.948946
vt 0.101172 0.947518
vt 0.100396 0.946111
vt 0.100198 0.946491
vt 0.097533 0.947286
vt 0.098719 0.946080
vt 0.098819 0.946466
vt 0.097844 0.947458
vt 0.097533 0.949022
vt 0.097844 0.948885
vt 0.141130 0.956041
vt 0.141130 0.954613
vt 0.142104 0.953622
vt 0.143483 0.953647
vt 0.144458 0.954674
vt 0.144458 0.956102
vt 0.143483 0.957093
vt 0.142104 0.957068
vt 0.131615 0.952677
vt 0.131764 0.951361
vt 0.132127 0.951360
vt 0.131978 0.952676
vt 0.078520 0.950577
vt 0.078524 0.949258
vt 0.078901 0.949258
vt 0.078896 0.950577
vt 0.149716 0.847189
vt 0.149858 0.848517
vt 0.149494 0.848518
vt 0.149352 0.847190
vt 0.149858 0.845874
vt 0.149494 0.845875
vt 0.120362 0.941748
vt 0.120739 0.941748
vt 0.131764 0.954004
vt 0.132127 0.954003
vt 0.078524 0.951901
vt 0.078901 0.951900
vt 0.128001 0.955546
vt 0.128186 0.953823
vt 0.128998 0.953820
vt 0.128813 0.955544
vt 0.086907 0.950286
vt 0.087991 0.949183
vt 0.088321 0.949331
vt 0.087044 0.950630
vt 0.087991 0.947595
vt 0.088321 0.947460
vt 0.085374 0.950258
vt 0.085237 0.950598
vt 0.084290 0.947528
vt 0.083959 0.947380
vt 0.084290 0.949115
vt 0.083959 0.949251
vt 0.111962 0.951533
vt 0.111962 0.949665
vt 0.113571 0.950315
vt 0.113571 0.950794
vt 0.113896 0.951124
vt 0.114356 0.951112
vt 0.114681 0.950764
vt 0.116288 0.951418
vt 0.115021 0.952773
vt 0.113229 0.952821
vt 0.075499 0.954620
vt 0.075507 0.956353
vt 0.074666 0.956353
vt 0.074659 0.954620
vt 0.128810 0.951918
vt 0.129005 0.953656
vt 0.128196 0.953658
vt 0.128001 0.951920
vt 0.070002 0.955713
vt 0.070007 0.957447
vt 0.069166 0.957447
vt 0.069161 0.955713
vt 0.075507 0.952889
vt 0.074666 0.952889
vt 0.129005 0.950192
vt 0.128196 0.950194
vt 0.070007 0.953983
vt 0.069166 0.953983
vt 0.128186 0.957287
vt 0.128998 0.957284
vt 0.133292 0.869236
vt 0.132508 0.869241
vt 0.132510 0.865804
vt 0.133294 0.865642
vt 0.487777 0.915702
vt 0.487046 0.915699
vt 0.487022 0.915469
vt 0.487816 0.915473
vt 0.137714 0.911112
vt 0.137701 0.930886
vt 0.136970 0.930892
vt 0.136983 0.911118
vt 0.137687 0.910819
vt 0.136894 0.910826
vt 0.136897 0.907389
vt 0.137690 0.907225
vt 0.504707 0.920530
vt 0.503977 0.920526
vt 0.503954 0.920290
vt 0.504746 0.920294
vt 0.152615 0.937713
vt 0.152615 0.957465
vt 0.151700 0.957461
vt 0.151700 0.937709
vt 0.152664 0.937418
vt 0.151671 0.937413
vt 0.151671 0.934360
vt 0.152664 0.933985
vt 0.492827 0.899324
vt 0.492245 0.899329
vt 0.492174 0.899096
vt 0.492806 0.899090
vt 0.150984 0.957489
vt 0.150984 0.937737
vt 0.131427 0.931370
vt 0.130431 0.931365
vt 0.130454 0.928311
vt 0.131453 0.927935
vt 0.489324 0.866174
vt 0.488748 0.866178
vt 0.488677 0.865945
vt 0.489302 0.865941
vt 0.134233 0.869530
vt 0.134220 0.889305
vt 0.133307 0.889303
vt 0.133319 0.869529
vt 0.138677 0.910821
vt 0.138680 0.907385
vt 0.490053 0.866175
vt 0.490093 0.865942
vt 0.132584 0.889308
vt 0.132597 0.869533
vt 0.486490 0.915676
vt 0.486419 0.915444
vt 0.131379 0.931657
vt 0.131232 0.951417
vt 0.130314 0.951413
vt 0.130461 0.931653
vt 0.424554 0.922862
vt 0.424554 0.923593
vt 0.424456 0.923634
vt 0.424456 0.922822
vt 0.150894 0.937443
vt 0.150894 0.934010
vt 0.129617 0.951384
vt 0.129764 0.931624
vt 0.129675 0.931334
vt 0.129700 0.927900
vt 0.493554 0.899325
vt 0.493596 0.899092
vt 0.138626 0.911114
vt 0.138613 0.930888
vt 0.503406 0.920548
vt 0.503335 0.920314
vt 0.134284 0.869238
vt 0.134286 0.865801
vt 0.092951 0.956990
vt 0.092925 0.956197
vt 0.093199 0.956199
vt 0.093225 0.956992
vt 0.489314 0.881938
vt 0.490043 0.881939
vt 0.490095 0.882040
vt 0.489285 0.882039
vt 0.492817 0.915087
vt 0.493544 0.915089
vt 0.493597 0.915189
vt 0.492789 0.915188
vt 0.424555 0.921920
vt 0.424555 0.922651
vt 0.424456 0.922692
vt 0.424456 0.921880
vt 0.434166 0.935688
vt 0.434166 0.934957
vt 0.434266 0.934917
vt 0.434266 0.935729
vt 0.486929 0.931451
vt 0.487660 0.931454
vt 0.487707 0.931560
vt 0.486894 0.931556
vt 0.433648 0.934440
vt 0.433690 0.934342
vt 0.433648 0.936204
vt 0.433690 0.936303
vt 0.486275 0.931748
vt 0.486893 0.931774
vt 0.486921 0.931887
vt 0.486357 0.931864
vt 0.136854 0.931019
vt 0.137666 0.931012
vt 0.137666 0.931285
vt 0.136854 0.931292
vt 0.138680 0.931014
vt 0.138680 0.931287
vt 0.130271 0.951545
vt 0.131291 0.951549
vt 0.131289 0.951822
vt 0.130269 0.951818
vt 0.133270 0.889430
vt 0.134286 0.889431
vt 0.134285 0.889705
vt 0.133270 0.889703
vt 0.092936 0.955184
vt 0.093210 0.955186
vt 0.129497 0.951513
vt 0.129495 0.951786
vt 0.132467 0.889435
vt 0.132467 0.889708
vt 0.136953 0.931439
vt 0.137695 0.931432
vt 0.137561 0.932214
vt 0.136870 0.931926
vt 0.488645 0.882261
vt 0.489285 0.882257
vt 0.489310 0.882374
vt 0.488725 0.882378
vt 0.457361 0.935898
vt 0.457341 0.935266
vt 0.457462 0.935241
vt 0.457481 0.935819
vt 0.492142 0.915411
vt 0.492789 0.915406
vt 0.492813 0.915523
vt 0.492221 0.915528
vt 0.493597 0.915407
vt 0.493551 0.915524
vt 0.487706 0.931778
vt 0.487664 0.931890
vt 0.490094 0.882258
vt 0.490049 0.882375
vt 0.457350 0.934459
vt 0.457470 0.934503
vt 0.137707 0.869228
vt 0.136923 0.869233
vt 0.136925 0.865796
vt 0.137710 0.865633
vt 0.477066 0.934361
vt 0.477798 0.934358
vt 0.477824 0.934587
vt 0.477030 0.934590
vt 0.133281 0.911123
vt 0.133268 0.930897
vt 0.132537 0.930904
vt 0.132550 0.911130
vt 0.133255 0.910830
vt 0.132462 0.910837
vt 0.132464 0.907401
vt 0.133257 0.907236
vt 0.416915 0.923911
vt 0.416186 0.923908
vt 0.416163 0.923672
vt 0.416955 0.923676
vt 0.042489 0.941955
vt 0.042489 0.961707
vt 0.041574 0.961702
vt 0.041574 0.941950
vt 0.042538 0.941660
vt 0.041545 0.941654
vt 0.041545 0.938602
vt 0.042538 0.938227
vt 0.489294 0.899333
vt 0.488711 0.899338
vt 0.488641 0.899105
vt 0.489273 0.899099
vt 0.040858 0.961730
vt 0.040858 0.941978
vt 0.117897 0.955350
vt 0.118893 0.955346
vt 0.118897 0.958400
vt 0.117901 0.958785
vt 0.492844 0.866168
vt 0.492268 0.866171
vt 0.492197 0.865938
vt 0.492822 0.865934
vt 0.138649 0.869522
vt 0.138636 0.889297
vt 0.137722 0.889295
vt 0.137735 0.869520
vt 0.134245 0.910833
vt 0.134247 0.907396
vt 0.493573 0.866169
vt 0.493613 0.865936
vt 0.137000 0.889300
vt 0.137012 0.869525
vt 0.478354 0.934376
vt 0.478427 0.934606
vt 0.117943 0.955063
vt 0.117920 0.935302
vt 0.118837 0.935298
vt 0.118861 0.955059
vt 0.424456 0.924534
vt 0.424456 0.923803
vt 0.424554 0.923763
vt 0.424554 0.924575
vt 0.040768 0.941685
vt 0.040768 0.938252
vt 0.119534 0.935321
vt 0.119558 0.955081
vt 0.119650 0.955371
vt 0.119654 0.958805
vt 0.490021 0.899334
vt 0.490062 0.899101
vt 0.134193 0.911125
vt 0.134180 0.930899
vt 0.415615 0.923930
vt 0.415543 0.923696
vt 0.138699 0.869230
vt 0.138701 0.865793
vt 0.125843 0.954768
vt 0.126639 0.954785
vt 0.126622 0.955058
vt 0.125826 0.955040
vt 0.492834 0.881932
vt 0.493563 0.881933
vt 0.493615 0.882034
vt 0.492805 0.882033
vt 0.489283 0.915096
vt 0.490010 0.915098
vt 0.490064 0.915199
vt 0.489256 0.915197
vt 0.424456 0.921712
vt 0.424456 0.920981
vt 0.424555 0.920939
vt 0.424555 0.921751
vt 0.492845 0.885589
vt 0.492845 0.886319
vt 0.492746 0.886359
vt 0.492746 0.885547
vt 0.477779 0.918605
vt 0.477048 0.918608
vt 0.476999 0.918503
vt 0.477812 0.918499
vt 0.493364 0.886836
vt 0.493322 0.886934
vt 0.493364 0.885072
vt 0.493322 0.884973
vt 0.478430 0.918302
vt 0.477812 0.918282
vt 0.477783 0.918169
vt 0.478348 0.918187
vt 0.132421 0.931030
vt 0.133233 0.931023
vt 0.133233 0.931296
vt 0.132421 0.931304
vt 0.134247 0.931026
vt 0.134247 0.931299
vt 0.118879 0.935166
vt 0.117859 0.935170
vt 0.117859 0.934897
vt 0.118878 0.934893
vt 0.137686 0.889422
vt 0.138701 0.889423
vt 0.138701 0.889697
vt 0.137686 0.889695
vt 0.127653 0.954853
vt 0.127637 0.955125
vt 0.119654 0.935191
vt 0.119653 0.934918
vt 0.136883 0.889427
vt 0.136883 0.889700
vt 0.123407 0.955426
vt 0.124068 0.954768
vt 0.125003 0.954768
vt 0.125663 0.955426
vt 0.125663 0.956357
vt 0.125003 0.957015
vt 0.124068 0.957015
vt 0.123407 0.956357
vt 0.492165 0.882254
vt 0.492805 0.882250
vt 0.492830 0.882367
vt 0.492245 0.882371
vt 0.483350 0.934343
vt 0.483985 0.934357
vt 0.484004 0.934478
vt 0.483424 0.934466
vt 0.488608 0.915420
vt 0.489255 0.915415
vt 0.489279 0.915532
vt 0.488688 0.915537
vt 0.490063 0.915416
vt 0.490017 0.915533
vt 0.476999 0.918285
vt 0.477040 0.918172
vt 0.493614 0.882252
vt 0.493570 0.882369
vt 0.484794 0.934411
vt 0.484743 0.934528
vt 0.451658 0.975491
vt 0.451655 0.976126
vt 0.451082 0.976125
vt 0.451187 0.975490
vt 0.482036 0.975848
vt 0.482304 0.976115
vt 0.482172 0.976433
vt 0.481717 0.975980
vt 0.494540 0.975500
vt 0.494540 0.976486
vt 0.494239 0.976489
vt 0.494239 0.975502
vt 0.516825 0.976716
vt 0.516815 0.976077
vt 0.517039 0.976074
vt 0.517295 0.976710
vt 0.482951 0.975471
vt 0.482683 0.975204
vt 0.482815 0.974886
vt 0.483270 0.975339
vt 0.461562 0.975476
vt 0.461562 0.976461
vt 0.461185 0.976459
vt 0.461185 0.975474
vt 0.467261 0.975547
vt 0.467258 0.976183
vt 0.466685 0.976182
vt 0.466790 0.975546
vt 0.482683 0.976115
vt 0.482815 0.976433
vt 0.460890 0.976471
vt 0.460890 0.975486
vt 0.451658 0.976635
vt 0.451187 0.976634
vt 0.482036 0.975471
vt 0.481717 0.975339
vt 0.457722 0.975537
vt 0.457722 0.976523
vt 0.457346 0.976523
vt 0.457346 0.975537
vt 0.467261 0.976686
vt 0.466790 0.976685
vt 0.482951 0.975848
vt 0.483270 0.975980
vt 0.457048 0.976525
vt 0.457048 0.975539
vt 0.514470 0.976572
vt 0.514470 0.975586
vt 0.514848 0.975585
vt 0.514848 0.976571
vt 0.443136 0.975068
vt 0.442757 0.975068
vt 0.442621 0.974742
vt 0.443271 0.974742
vt 0.516825 0.975591
vt 0.517295 0.975585
vt 0.515135 0.975595
vt 0.515135 0.976581
vt 0.523081 0.858765
vt 0.523094 0.859264
vt 0.522623 0.859258
vt 0.522857 0.858762
vt 0.482304 0.975204
vt 0.482172 0.974886
vt 0.494916 0.975500
vt 0.494916 0.976487
vt 0.523094 0.858128
vt 0.522623 0.858122
vt 0.445612 0.973918
vt 0.445611 0.974561
vt 0.445091 0.974561
vt 0.444988 0.973918
vt 0.442489 0.975712
vt 0.442757 0.975979
vt 0.442621 0.976305
vt 0.442162 0.975847
vt 0.443404 0.975335
vt 0.443731 0.975200
vt 0.443136 0.975979
vt 0.443271 0.976305
vt 0.442489 0.975335
vt 0.442162 0.975200
vt 0.443404 0.975712
vt 0.443731 0.975847
vt 0.445131 0.970548
vt 0.445144 0.969904
vt 0.445664 0.969912
vt 0.445403 0.970552
vt 0.513415 0.974537
vt 0.513405 0.975028
vt 0.513134 0.975031
vt 0.512895 0.974544
vt 0.445608 0.973410
vt 0.445088 0.973410
vt 0.445144 0.971052
vt 0.445664 0.971060
vt 0.517248 0.970083
vt 0.517253 0.970597
vt 0.516629 0.970597
vt 0.516727 0.970083
vt 0.517252 0.971239
vt 0.516731 0.971239
vt 0.513415 0.975673
vt 0.512895 0.975680
vt 0.462316 0.975476
vt 0.462313 0.976111
vt 0.461740 0.976109
vt 0.461845 0.975474
vt 0.448585 0.975845
vt 0.448853 0.976112
vt 0.448721 0.976429
vt 0.448266 0.975976
vt 0.459267 0.975490
vt 0.459267 0.976477
vt 0.458966 0.976479
vt 0.458966 0.975493
vt 0.516166 0.976716
vt 0.516156 0.976077
vt 0.516381 0.976074
vt 0.516637 0.976710
vt 0.449500 0.975467
vt 0.449232 0.975200
vt 0.449364 0.974882
vt 0.449819 0.975335
vt 0.487301 0.969718
vt 0.487301 0.970703
vt 0.486924 0.970701
vt 0.486924 0.969716
vt 0.466508 0.975547
vt 0.466505 0.976183
vt 0.465932 0.976182
vt 0.466037 0.975546
vt 0.449232 0.976112
vt 0.449364 0.976429
vt 0.486629 0.970713
vt 0.486629 0.969728
vt 0.462316 0.976620
vt 0.461845 0.976618
vt 0.448585 0.975467
vt 0.448266 0.975335
vt 0.495767 0.975500
vt 0.495767 0.976486
vt 0.495391 0.976486
vt 0.495391 0.975500
vt 0.466508 0.976686
vt 0.466037 0.976685
vt 0.449500 0.975845
vt 0.449819 0.975976
vt 0.495094 0.976488
vt 0.495094 0.975502
vt 0.523038 0.920681
vt 0.523633 0.920925
vt 0.523879 0.921516
vt 0.523633 0.922109
vt 0.523038 0.922356
vt 0.514293 0.975594
vt 0.514293 0.976579
vt 0.513915 0.976581
vt 0.513915 0.975595
vt 0.463522 0.973645
vt 0.463143 0.973645
vt 0.463007 0.973319
vt 0.463657 0.973319
vt 0.516166 0.975591
vt 0.516637 0.975585
vt 0.513627 0.976571
vt 0.513627 0.975585
vt 0.523081 0.857445
vt 0.523094 0.857944
vt 0.522623 0.857938
vt 0.522857 0.857442
vt 0.448853 0.975200
vt 0.448721 0.974882
vt 0.459643 0.975491
vt 0.459643 0.976477
vt 0.523094 0.856808
vt 0.522623 0.856802
vt 0.444810 0.973918
vt 0.444810 0.974561
vt 0.444289 0.974561
vt 0.444187 0.973918
vt 0.462875 0.974289
vt 0.463143 0.974556
vt 0.463007 0.974882
vt 0.462547 0.974425
vt 0.463790 0.973912
vt 0.464116 0.973777
vt 0.463522 0.974556
vt 0.463657 0.974882
vt 0.462875 0.973912
vt 0.462547 0.973777
vt 0.463790 0.974289
vt 0.464116 0.974425
vt 0.522520 0.962266
vt 0.521925 0.962022
vt 0.521678 0.961431
vt 0.521925 0.960838
vt 0.522520 0.960591
vt 0.445131 0.971880
vt 0.445144 0.971237
vt 0.445664 0.971244
vt 0.445403 0.971884
vt 0.485320 0.974886
vt 0.485309 0.975377
vt 0.485038 0.975380
vt 0.484800 0.974893
vt 0.444807 0.973410
vt 0.444286 0.973410
vt 0.445144 0.972385
vt 0.445664 0.972392
vt 0.522044 0.948662
vt 0.522048 0.949176
vt 0.521425 0.949176
vt 0.521523 0.948662
vt 0.522048 0.949818
vt 0.521527 0.949818
vt 0.485320 0.976022
vt 0.484800 0.976029
vt 0.522818 0.948664
vt 0.522814 0.949299
vt 0.522226 0.949297
vt 0.522331 0.948662
vt 0.444227 0.975704
vt 0.444495 0.975971
vt 0.444363 0.976289
vt 0.443909 0.975836
vt 0.460121 0.975490
vt 0.460121 0.976477
vt 0.459820 0.976479
vt 0.459820 0.975493
vt 0.447593 0.976011
vt 0.447583 0.975372
vt 0.447823 0.975369
vt 0.448079 0.976004
vt 0.445142 0.975327
vt 0.444874 0.975060
vt 0.445007 0.974742
vt 0.445461 0.975195
vt 0.521840 0.917812
vt 0.521840 0.916826
vt 0.522216 0.916828
vt 0.522216 0.917814
vt 0.453819 0.975468
vt 0.453817 0.976105
vt 0.453229 0.976103
vt 0.453333 0.975467
vt 0.444874 0.975971
vt 0.445007 0.976289
vt 0.522511 0.916817
vt 0.522511 0.917802
vt 0.522818 0.949808
vt 0.522331 0.949807
vt 0.444227 0.975327
vt 0.443909 0.975195
vt 0.496619 0.975500
vt 0.496619 0.976486
vt 0.496243 0.976486
vt 0.496243 0.975500
vt 0.453819 0.976608
vt 0.453333 0.976607
vt 0.445142 0.975704
vt 0.445461 0.975836
vt 0.495945 0.976488
vt 0.495945 0.975502
vt 0.523038 0.932396
vt 0.523633 0.932640
vt 0.523879 0.933231
vt 0.523633 0.933824
vt 0.523038 0.934071
vt 0.468103 0.975554
vt 0.468103 0.976540
vt 0.467726 0.976541
vt 0.467726 0.975555
vt 0.521717 0.873924
vt 0.521339 0.873924
vt 0.521203 0.873598
vt 0.521852 0.873598
vt 0.447593 0.974886
vt 0.448079 0.974880
vt 0.467439 0.976531
vt 0.467439 0.975546
vt 0.481001 0.975903
vt 0.480988 0.975404
vt 0.481474 0.975411
vt 0.481240 0.975907
vt 0.444495 0.975060
vt 0.444363 0.974742
vt 0.460497 0.975491
vt 0.460497 0.976477
vt 0.480988 0.976541
vt 0.481474 0.976547
vt 0.486930 0.975938
vt 0.486930 0.976581
vt 0.486424 0.976581
vt 0.486322 0.975938
vt 0.521071 0.874568
vt 0.521339 0.874835
vt 0.521203 0.875161
vt 0.520743 0.874703
vt 0.521985 0.874191
vt 0.522312 0.874056
vt 0.521717 0.874835
vt 0.521852 0.875161
vt 0.521071 0.874191
vt 0.520743 0.874056
vt 0.521985 0.874568
vt 0.522312 0.874703
vt 0.480988 0.974716
vt 0.481001 0.974072
vt 0.481505 0.974079
vt 0.481244 0.974719
vt 0.435818 0.968703
vt 0.435808 0.969193
vt 0.435551 0.969197
vt 0.435313 0.968709
vt 0.486927 0.975430
vt 0.486422 0.975430
vt 0.481001 0.975220
vt 0.481505 0.975227
vt 0.490914 0.975078
vt 0.490919 0.975593
vt 0.490310 0.975593
vt 0.490409 0.975078
vt 0.490918 0.976234
vt 0.490412 0.976234
vt 0.435818 0.969839
vt 0.435313 0.969845
vt 0.487699 0.975432
vt 0.487696 0.976067
vt 0.487108 0.976065
vt 0.487213 0.975430
vt 0.446171 0.975842
vt 0.446439 0.976109
vt 0.446307 0.976427
vt 0.445853 0.975974
vt 0.452137 0.975490
vt 0.452137 0.976476
vt 0.451836 0.976479
vt 0.451836 0.975493
vt 0.435323 0.971154
vt 0.435313 0.970515
vt 0.435553 0.970511
vt 0.435809 0.971147
vt 0.447086 0.975464
vt 0.446818 0.975198
vt 0.446951 0.974880
vt 0.447405 0.975333
vt 0.522205 0.905880
vt 0.522205 0.906866
vt 0.521828 0.906864
vt 0.521828 0.905878
vt 0.454587 0.975468
vt 0.454585 0.976105
vt 0.453997 0.976103
vt 0.454101 0.975467
vt 0.446818 0.976109
vt 0.446951 0.976427
vt 0.521533 0.906875
vt 0.521533 0.905890
vt 0.487699 0.976576
vt 0.487213 0.976574
vt 0.446171 0.975464
vt 0.445853 0.975333
vt 0.458574 0.975537
vt 0.458574 0.976523
vt 0.458198 0.976523
vt 0.458198 0.975537
vt 0.454587 0.976608
vt 0.454101 0.976607
vt 0.447086 0.975842
vt 0.447405 0.975974
vt 0.457900 0.976525
vt 0.457900 0.975539
vt 0.515978 0.975594
vt 0.515978 0.976579
vt 0.515600 0.976581
vt 0.515600 0.975595
vt 0.511743 0.975774
vt 0.512122 0.975774
vt 0.512258 0.976100
vt 0.511608 0.976100
vt 0.435323 0.970029
vt 0.435809 0.970023
vt 0.515313 0.976571
vt 0.515313 0.975585
vt 0.522502 0.874097
vt 0.522490 0.873598
vt 0.522975 0.873605
vt 0.522742 0.874101
vt 0.446439 0.975198
vt 0.446307 0.974880
vt 0.452512 0.975490
vt 0.452512 0.976477
vt 0.522490 0.874734
vt 0.522975 0.874741
vt 0.486144 0.975938
vt 0.486144 0.976581
vt 0.485638 0.976581
vt 0.485536 0.975938
vt 0.512390 0.975130
vt 0.512122 0.974863
vt 0.512258 0.974537
vt 0.512718 0.974995
vt 0.511475 0.975507
vt 0.511149 0.975642
vt 0.511743 0.974863
vt 0.511608 0.974537
vt 0.512390 0.975507
vt 0.512718 0.975642
vt 0.511475 0.975130
vt 0.511149 0.974995
vt 0.480988 0.973384
vt 0.481001 0.972740
vt 0.481505 0.972747
vt 0.481244 0.973387
vt 0.435818 0.967383
vt 0.435808 0.967873
vt 0.435551 0.967877
vt 0.435313 0.967389
vt 0.486141 0.975430
vt 0.485635 0.975430
vt 0.481001 0.973888
vt 0.481505 0.973895
vt 0.464502 0.975060
vt 0.464506 0.975574
vt 0.463898 0.975574
vt 0.463996 0.975060
vt 0.464505 0.976215
vt 0.464000 0.976215
vt 0.435818 0.968519
vt 0.435313 0.968525
vt 0.053728 0.851862
vt 0.053180 0.869939
vt 0.052390 0.869923
vt 0.052938 0.851845
vt 0.146326 0.888742
vt 0.144951 0.870728
vt 0.145938 0.870659
vt 0.147313 0.888672
vt 0.146708 0.870570
vt 0.148083 0.888584
vt 0.035090 0.929516
vt 0.034138 0.911454
vt 0.035124 0.911404
vt 0.036077 0.929465
vt 0.035904 0.911357
vt 0.036857 0.929419
vt 0.148008 0.910867
vt 0.146624 0.928888
vt 0.145634 0.928815
vt 0.147019 0.910795
vt 0.498544 0.913371
vt 0.499141 0.913437
vt 0.499102 0.913599
vt 0.498455 0.913528
vt 0.144884 0.928733
vt 0.146269 0.910712
vt 0.054713 0.851893
vt 0.054166 0.869970
vt 0.147427 0.891805
vt 0.146436 0.891746
vt 0.053147 0.870140
vt 0.054214 0.870174
vt 0.054172 0.871549
vt 0.053105 0.871515
vt 0.424809 0.866488
vt 0.425438 0.866501
vt 0.425412 0.866662
vt 0.424730 0.866647
vt 0.411666 0.899519
vt 0.411045 0.899556
vt 0.411059 0.899394
vt 0.411732 0.899354
vt 0.426224 0.866526
vt 0.426262 0.866689
vt 0.499997 0.867004
vt 0.499383 0.867075
vt 0.499395 0.866916
vt 0.500060 0.866839
vt 0.499930 0.913494
vt 0.499956 0.913662
vt 0.498597 0.867130
vt 0.498544 0.866976
vt 0.410258 0.899597
vt 0.410208 0.899438
vt 0.499976 0.865747
vt 0.499312 0.865824
vt 0.499271 0.865635
vt 0.499880 0.865565
vt 0.145585 0.929019
vt 0.146656 0.929098
vt 0.146550 0.930468
vt 0.145479 0.930390
vt 0.035143 0.911200
vt 0.034075 0.911255
vt 0.034002 0.909881
vt 0.035070 0.909826
vt 0.145953 0.870459
vt 0.144885 0.870534
vt 0.144780 0.869164
vt 0.145848 0.869089
vt 0.144773 0.928930
vt 0.144668 0.930300
vt 0.035987 0.911150
vt 0.035914 0.909776
vt 0.146786 0.870363
vt 0.146681 0.868993
vt 0.052292 0.870123
vt 0.052250 0.871498
vt 0.053128 0.871752
vt 0.054106 0.871783
vt 0.054141 0.872799
vt 0.053163 0.872885
vt 0.424697 0.867744
vt 0.425378 0.867758
vt 0.425397 0.867946
vt 0.424772 0.867933
vt 0.426229 0.867785
vt 0.426177 0.867971
vt 0.499018 0.914692
vt 0.499872 0.914754
vt 0.499816 0.914934
vt 0.499033 0.914877
vt 0.411001 0.898299
vt 0.410150 0.898342
vt 0.410186 0.898153
vt 0.410966 0.898113
vt 0.498461 0.865884
vt 0.498491 0.865690
vt 0.498371 0.914620
vt 0.498440 0.914811
vt 0.411674 0.898259
vt 0.411583 0.898076
vt 0.072888 0.951286
vt 0.072563 0.950956
vt 0.072104 0.950968
vt 0.071437 0.949310
vt 0.073229 0.949263
vt 0.074496 0.950550
vt 0.045419 0.951658
vt 0.045094 0.951327
vt 0.044634 0.951340
vt 0.043968 0.949681
vt 0.045760 0.949633
vt 0.047028 0.950920
vt 0.121917 0.940814
vt 0.122820 0.940700
vt 0.123245 0.943017
vt 0.122361 0.943233
vt 0.140551 0.869555
vt 0.139842 0.869585
vt 0.139945 0.867592
vt 0.140659 0.867444
vt 0.100091 0.915480
vt 0.100814 0.915474
vt 0.100369 0.917893
vt 0.099695 0.917613
vt 0.101716 0.915475
vt 0.101223 0.918182
vt 0.121770 0.938011
vt 0.122678 0.938015
vt 0.084226 0.850786
vt 0.083833 0.848655
vt 0.138937 0.869584
vt 0.139045 0.867473
vt 0.121080 0.937984
vt 0.121222 0.940669
vt 0.098616 0.919481
vt 0.099149 0.920013
vt 0.097301 0.921577
vt 0.096985 0.920857
vt 0.082758 0.846794
vt 0.083473 0.846257
vt 0.139353 0.865663
vt 0.140236 0.865883
vt 0.121647 0.942985
vt 0.083999 0.845714
vt 0.140967 0.865633
vt 0.099862 0.920554
vt 0.077490 0.953940
vt 0.076647 0.954115
vt 0.076646 0.951412
vt 0.077488 0.951350
vt 0.097798 0.922306
vt 0.076652 0.956322
vt 0.075812 0.956054
vt 0.075807 0.953939
vt 0.081133 0.845427
vt 0.081633 0.844703
vt 0.145624 0.894997
vt 0.146465 0.894734
vt 0.146464 0.896430
vt 0.145622 0.896600
vt 0.077494 0.956055
vt 0.081943 0.843974
vt 0.144782 0.894733
vt 0.144781 0.896430
vt 0.145622 0.898544
vt 0.146463 0.898487
vt 0.146463 0.900657
vt 0.145622 0.900593
vt 0.079388 0.843896
vt 0.079434 0.843068
vt 0.144780 0.898487
vt 0.095048 0.922397
vt 0.094996 0.921576
vt 0.095279 0.923226
vt 0.075805 0.951349
vt 0.079153 0.844719
vt 0.092661 0.922373
vt 0.092610 0.923203
vt 0.090112 0.922240
vt 0.090428 0.921509
vt 0.076647 0.948539
vt 0.077490 0.948597
vt 0.077010 0.843934
vt 0.076775 0.843105
vt 0.144780 0.900657
vt 0.092892 0.921551
vt 0.075807 0.948596
vt 0.077056 0.844756
vt 0.143482 0.904741
vt 0.144323 0.905078
vt 0.143783 0.906456
vt 0.142909 0.906199
vt 0.075812 0.946013
vt 0.076652 0.945842
vt 0.075096 0.845532
vt 0.074786 0.844810
vt 0.146464 0.902678
vt 0.145622 0.902501
vt 0.077494 0.946014
vt 0.074287 0.844082
vt 0.144781 0.902678
vt 0.090924 0.920786
vt 0.143995 0.902382
vt 0.143116 0.902619
vt 0.142675 0.900059
vt 0.143573 0.899929
vt 0.088619 0.919909
vt 0.089331 0.919372
vt 0.088086 0.920454
vt 0.075818 0.943911
vt 0.076659 0.943648
vt 0.073510 0.846955
vt 0.072984 0.846421
vt 0.146465 0.904306
vt 0.145624 0.904037
vt 0.144617 0.904261
vt 0.143766 0.904579
vt 0.072269 0.845880
vt 0.071821 0.848571
vt 0.072488 0.848853
vt 0.072162 0.850996
vt 0.071441 0.851001
vt 0.070966 0.848283
vt 0.143399 0.908269
vt 0.142502 0.908118
vt 0.087452 0.917766
vt 0.088305 0.917481
vt 0.086778 0.918059
vt 0.142381 0.902432
vt 0.141959 0.899979
vt 0.144505 0.906281
vt 0.144098 0.908200
vt 0.143915 0.910348
vt 0.143221 0.910298
vt 0.142493 0.897208
vt 0.143406 0.897197
vt 0.070529 0.851000
vt 0.142306 0.910266
vt 0.087065 0.915338
vt 0.087975 0.915339
vt 0.086336 0.915345
vt 0.141779 0.897247
vt 0.093714 0.956188
vt 0.093846 0.955269
vt 0.094264 0.955342
vt 0.094027 0.956242
vt 0.138622 0.931434
vt 0.138437 0.932510
vt 0.130304 0.951959
vt 0.131236 0.951964
vt 0.131288 0.953032
vt 0.130362 0.953149
vt 0.133301 0.889850
vt 0.134229 0.889851
vt 0.134312 0.890339
vt 0.133434 0.890631
vt 0.093350 0.956167
vt 0.093361 0.955242
vt 0.129597 0.951930
vt 0.129648 0.952999
vt 0.132568 0.889855
vt 0.132750 0.890930
vt 0.093374 0.956892
vt 0.093859 0.956919
vt 0.137176 0.932902
vt 0.137907 0.933458
vt 0.137095 0.934162
vt 0.136586 0.933414
vt 0.130545 0.954180
vt 0.129813 0.953925
vt 0.133817 0.891318
vt 0.133277 0.891875
vt 0.094277 0.956992
vt 0.136630 0.932356
vt 0.131453 0.953958
vt 0.134551 0.890767
vt 0.063316 0.956841
vt 0.062452 0.956666
vt 0.062452 0.956316
vt 0.063316 0.956374
vt 0.148672 0.860001
vt 0.147810 0.859726
vt 0.147807 0.858895
vt 0.148670 0.859075
vt 0.134917 0.891085
vt 0.134404 0.891827
vt 0.062452 0.956953
vt 0.061589 0.957223
vt 0.061589 0.956841
vt 0.149536 0.859726
vt 0.149534 0.858895
vt 0.134085 0.892576
vt 0.063315 0.957223
vt 0.136261 0.932675
vt 0.149533 0.857871
vt 0.148668 0.857935
vt 0.148668 0.856719
vt 0.149533 0.856779
vt 0.135862 0.933687
vt 0.135810 0.932845
vt 0.136099 0.934538
vt 0.147806 0.857871
vt 0.135366 0.891253
vt 0.135124 0.892097
vt 0.061589 0.956374
vt 0.135076 0.892947
vt 0.135891 0.892096
vt 0.135844 0.891252
vt 0.136294 0.891082
vt 0.136612 0.891823
vt 0.136132 0.892945
vt 0.062452 0.955945
vt 0.063316 0.955879
vt 0.135093 0.933689
vt 0.135330 0.932846
vt 0.135039 0.934541
vt 0.147806 0.856779
vt 0.061589 0.955879
vt 0.134369 0.933420
vt 0.134044 0.934170
vt 0.133233 0.933470
vt 0.133780 0.932911
vt 0.061589 0.955416
vt 0.062452 0.955597
vt 0.148670 0.855573
vt 0.149534 0.855749
vt 0.137124 0.892570
vt 0.063316 0.955416
vt 0.134879 0.932678
vt 0.147807 0.855749
vt 0.137932 0.891866
vt 0.137199 0.891312
vt 0.137583 0.890624
vt 0.138461 0.890919
vt 0.147810 0.854907
vt 0.148672 0.854636
vt 0.136660 0.890763
vt 0.061589 0.955040
vt 0.062452 0.955315
vt 0.149536 0.854907
vt 0.118133 0.933495
vt 0.119009 0.933806
vt 0.118920 0.934055
vt 0.118014 0.933827
vt 0.134512 0.932361
vt 0.127559 0.956357
vt 0.126631 0.956418
vt 0.126645 0.955211
vt 0.127572 0.955272
vt 0.118862 0.934384
vt 0.117937 0.934265
vt 0.133396 0.932225
vt 0.134272 0.931933
vt 0.132704 0.932525
vt 0.126736 0.957507
vt 0.125999 0.957257
vt 0.125904 0.956279
vt 0.136900 0.890334
vt 0.119654 0.933847
vt 0.119577 0.934284
vt 0.127653 0.957335
vt 0.137717 0.889842
vt 0.138645 0.889843
vt 0.118842 0.934752
vt 0.117910 0.934755
vt 0.133263 0.931444
vt 0.134189 0.931446
vt 0.132521 0.931450
vt 0.125918 0.955194
vt 0.136983 0.889846
vt 0.119550 0.934775
vt 0.063017 0.953065
vt 0.064028 0.953068
vt 0.063975 0.954089
vt 0.062970 0.953965
vt 0.125502 0.930729
vt 0.124497 0.930706
vt 0.124632 0.930037
vt 0.125576 0.930378
vt 0.062948 0.952070
vt 0.063949 0.951941
vt 0.117649 0.936326
vt 0.116646 0.936325
vt 0.116525 0.935654
vt 0.117473 0.935336
vt 0.115842 0.936333
vt 0.115776 0.935980
vt 0.035452 0.938902
vt 0.035479 0.938547
vt 0.123702 0.930695
vt 0.123898 0.929708
vt 0.064714 0.951871
vt 0.064783 0.952866
vt 0.091003 0.955185
vt 0.090708 0.956118
vt 0.090530 0.956117
vt 0.090721 0.955184
vt 0.116188 0.935067
vt 0.116980 0.934470
vt 0.115596 0.935673
vt 0.035469 0.938227
vt 0.036247 0.938552
vt 0.124408 0.928849
vt 0.124979 0.929456
vt 0.064736 0.953766
vt 0.037252 0.938435
vt 0.125760 0.930073
vt 0.125497 0.929031
vt 0.125170 0.928221
vt 0.126092 0.927900
vt 0.126124 0.928815
vt 0.126035 0.929852
vt 0.063797 0.954878
vt 0.062813 0.954661
vt 0.115677 0.934634
vt 0.116228 0.933830
vt 0.115326 0.935448
vt 0.091003 0.957049
vt 0.090721 0.957048
vt 0.146536 0.865435
vt 0.145601 0.865137
vt 0.145601 0.864369
vt 0.146536 0.864565
vt 0.115053 0.934409
vt 0.114996 0.935332
vt 0.114648 0.935339
vt 0.114390 0.934417
vt 0.145600 0.863424
vt 0.146535 0.863495
vt 0.090315 0.956117
vt 0.090380 0.955184
vt 0.126365 0.929740
vt 0.147471 0.864368
vt 0.147471 0.863424
vt 0.115309 0.933495
vt 0.090380 0.957048
vt 0.126712 0.929753
vt 0.126783 0.928833
vt 0.127396 0.929083
vt 0.127033 0.929887
vt 0.090019 0.957048
vt 0.090089 0.956117
vt 0.127064 0.927924
vt 0.145600 0.862418
vt 0.146535 0.862355
vt 0.090019 0.955184
vt 0.147471 0.862418
vt 0.114333 0.933505
vt 0.089683 0.955184
vt 0.089880 0.956117
vt 0.089711 0.956118
vt 0.089413 0.955185
vt 0.146535 0.861281
vt 0.147471 0.861471
vt 0.113770 0.934659
vt 0.113418 0.933858
vt 0.114323 0.935468
vt 0.089683 0.957048
vt 0.127968 0.928291
vt 0.145600 0.861471
vt 0.039785 0.952713
vt 0.038837 0.953064
vt 0.038749 0.952765
vt 0.039731 0.952524
vt 0.127888 0.929536
vt 0.127290 0.930127
vt 0.146536 0.860404
vt 0.147471 0.860697
vt 0.113267 0.935104
vt 0.112674 0.934512
vt 0.114060 0.935705
vt 0.089413 0.957049
vt 0.128695 0.928956
vt 0.145601 0.860697
vt 0.112192 0.935389
vt 0.112941 0.935699
vt 0.112836 0.936373
vt 0.112040 0.936381
vt 0.129157 0.929839
vt 0.128200 0.930136
vt 0.067262 0.937867
vt 0.068215 0.938206
vt 0.067995 0.939040
vt 0.067012 0.938811
vt 0.040605 0.952896
vt 0.040517 0.952596
vt 0.127452 0.930444
vt 0.066426 0.938065
vt 0.066206 0.938898
vt 0.113891 0.936019
vt 0.113829 0.936374
vt 0.038698 0.952416
vt 0.039692 0.952306
vt 0.129293 0.930834
vt 0.128298 0.930812
vt 0.067849 0.940014
vt 0.066857 0.939916
vt 0.040450 0.952249
vt 0.127511 0.930800
vt 0.066077 0.939873
vt 0.147102 0.908536
vt 0.146355 0.908324
vt 0.146169 0.906197
vt 0.146928 0.906521
vt 0.037280 0.931800
vt 0.036570 0.932156
vt 0.053435 0.848831
vt 0.054162 0.849159
vt 0.148193 0.891588
vt 0.055085 0.849502
vt 0.148095 0.908480
vt 0.035653 0.932516
vt 0.147908 0.906352
vt 0.146516 0.904993
vt 0.147471 0.904741
vt 0.038465 0.933888
vt 0.037923 0.934511
vt 0.147990 0.894242
vt 0.147213 0.894571
vt 0.054902 0.846168
vt 0.055467 0.846767
vt 0.056227 0.847381
vt 0.037174 0.935138
vt 0.146233 0.894401
vt 0.057483 0.844975
vt 0.057162 0.844178
vt 0.059941 0.843102
vt 0.059970 0.844000
vt 0.039971 0.936247
vt 0.039468 0.937065
vt 0.138867 0.942366
vt 0.139786 0.942078
vt 0.139784 0.944466
vt 0.138865 0.944653
vt 0.144525 0.865005
vt 0.143605 0.865298
vt 0.143599 0.863532
vt 0.144519 0.863339
vt 0.040268 0.935433
vt 0.140705 0.942366
vt 0.140703 0.944653
vt 0.058001 0.845788
vt 0.144515 0.861236
vt 0.143595 0.861305
vt 0.143593 0.858889
vt 0.144514 0.858951
vt 0.060195 0.844913
vt 0.145437 0.863531
vt 0.145433 0.861305
vt 0.042468 0.937154
vt 0.042259 0.938065
vt 0.139783 0.947433
vt 0.138864 0.947495
vt 0.042471 0.936247
vt 0.140702 0.947495
vt 0.138864 0.950550
vt 0.139783 0.950620
vt 0.139784 0.953642
vt 0.138865 0.953449
vt 0.044809 0.936232
vt 0.045113 0.937122
vt 0.140702 0.950550
vt 0.062905 0.843068
vt 0.062625 0.843958
vt 0.062542 0.844862
vt 0.145432 0.858888
vt 0.045211 0.938016
vt 0.064760 0.845643
vt 0.065130 0.844854
vt 0.067182 0.846581
vt 0.066582 0.847159
vt 0.143595 0.856573
vt 0.144515 0.856759
vt 0.047000 0.935390
vt 0.047587 0.936156
vt 0.140703 0.953449
vt 0.065696 0.844081
vt 0.145433 0.856572
vt 0.047967 0.936926
vt 0.110842 0.843068
vt 0.111799 0.843340
vt 0.111210 0.845971
vt 0.110229 0.845814
vt 0.144519 0.854925
vt 0.145437 0.854636
vt 0.049590 0.934372
vt 0.050195 0.934925
vt 0.139786 0.956135
vt 0.138867 0.955842
vt 0.143599 0.854637
vt 0.048779 0.933823
vt 0.140705 0.955842
vt 0.067978 0.846019
vt 0.118424 0.845280
vt 0.119409 0.845169
vt 0.119525 0.847554
vt 0.118536 0.847535
vt 0.069475 0.848648
vt 0.068533 0.848931
vt 0.067787 0.849229
vt 0.117305 0.843068
vt 0.118101 0.843296
vt 0.117645 0.845169
vt 0.050883 0.931985
vt 0.051626 0.932254
vt 0.110054 0.843266
vt 0.109465 0.845896
vt 0.119069 0.843068
vt 0.049932 0.931720
vt 0.052087 0.929237
vt 0.051308 0.929283
vt 0.049559 0.894403
vt 0.050538 0.894345
vt 0.050321 0.929334
vt 0.110918 0.848973
vt 0.109926 0.848946
vt 0.070007 0.851651
vt 0.069021 0.851619
vt 0.068231 0.851603
vt 0.117761 0.847554
vt 0.109173 0.848898
vt 0.066887 0.886501
vt 0.067879 0.886522
vt 0.067163 0.905827
vt 0.065863 0.905800
vt 0.108777 0.883840
vt 0.107832 0.883780
vt 0.119183 0.882424
vt 0.117940 0.882400
vt 0.048320 0.894467
vt 0.110023 0.883874
vt 0.069117 0.886561
vt 0.116967 0.882424
vt 0.048679 0.875102
vt 0.047055 0.875185
vt 0.046001 0.860802
vt 0.048084 0.860695
vt 0.117520 0.901675
vt 0.116244 0.901707
vt 0.049963 0.875026
vt 0.108040 0.903157
vt 0.106801 0.903078
vt 0.119148 0.901707
vt 0.109673 0.903200
vt 0.068786 0.905879
vt 0.116889 0.921964
vt 0.119430 0.922014
vt 0.119807 0.927923
vt 0.116533 0.927859
vt 0.109513 0.917636
vt 0.107419 0.917580
vt 0.068652 0.920298
vt 0.066571 0.920232
vt 0.064904 0.920198
vt 0.117142 0.916050
vt 0.115507 0.916091
vt 0.049731 0.860597
vt 0.105830 0.917479
vt 0.119231 0.916091
vt 0.113072 0.930875
vt 0.116216 0.930797
vt 0.115835 0.933237
vt 0.111962 0.933333
vt 0.047932 0.854748
vt 0.045397 0.854878
vt 0.044615 0.848967
vt 0.047881 0.848799
vt 0.107054 0.923541
vt 0.109602 0.923609
vt 0.109857 0.929600
vt 0.106574 0.929512
vt 0.066238 0.926169
vt 0.068770 0.926249
vt 0.069073 0.932202
vt 0.065810 0.932099
vt 0.064209 0.926127
vt 0.063196 0.932045
vt 0.114899 0.922014
vt 0.113968 0.927923
vt 0.049936 0.854629
vt 0.050462 0.848646
vt 0.105121 0.923418
vt 0.104083 0.929354
vt 0.087960 0.928682
vt 0.084443 0.932187
vt 0.082016 0.931169
vt 0.086968 0.926236
vt 0.051153 0.845619
vt 0.047988 0.845807
vt 0.048188 0.843299
vt 0.052088 0.843068
vt 0.103124 0.932333
vt 0.106179 0.932527
vt 0.105720 0.935063
vt 0.101956 0.934824
vt 0.120230 0.930875
vt 0.120781 0.933333
vt 0.043983 0.846013
vt 0.043255 0.843552
vt 0.110205 0.932635
vt 0.110679 0.935195
vt 0.065469 0.935070
vt 0.069470 0.935196
vt 0.070007 0.937705
vt 0.065078 0.937549
vt 0.062263 0.935003
vt 0.061129 0.937467
vt 0.092934 0.928682
vt 0.093971 0.926236
vt 0.096452 0.937143
vt 0.096452 0.932187
vt 0.098924 0.931169
vt 0.098924 0.938146
vt 0.087960 0.940647
vt 0.092935 0.940647
vt 0.093972 0.943080
vt 0.086969 0.943080
vt 0.084443 0.937143
vt 0.082017 0.938146
vt 0.111799 0.937670
vt 0.104817 0.937482
vt 0.127675 0.865123
vt 0.121294 0.858765
vt 0.124459 0.857465
vt 0.128995 0.861984
vt 0.143081 0.849774
vt 0.136699 0.843417
vt 0.136845 0.843068
vt 0.143431 0.849630
vt 0.127675 0.843417
vt 0.121294 0.849774
vt 0.120944 0.849630
vt 0.127530 0.843068
vt 0.136699 0.865123
vt 0.143081 0.858765
vt 0.143431 0.858910
vt 0.136845 0.865471
vt 0.079179 0.929987
vt 0.085802 0.923388
vt 0.120944 0.858910
vt 0.141439 0.939513
vt 0.142941 0.940064
vt 0.142068 0.940591
vt 0.071476 0.879071
vt 0.072282 0.879065
vt 0.072187 0.880274
vt 0.071376 0.880401
vt 0.141993 0.869169
vt 0.141194 0.869213
vt 0.141508 0.867993
vt 0.142267 0.868241
vt 0.087026 0.887269
vt 0.086211 0.887276
vt 0.086145 0.886645
vt 0.086965 0.886759
vt 0.088044 0.887270
vt 0.087978 0.886639
vt 0.141156 0.938285
vt 0.070456 0.879069
vt 0.070362 0.880279
vt 0.143014 0.869158
vt 0.143248 0.868523
vt 0.088421 0.956230
vt 0.088252 0.955247
vt 0.088823 0.955332
vt 0.088906 0.956303
vt 0.071169 0.881549
vt 0.070170 0.881318
vt 0.142802 0.867443
vt 0.143658 0.867992
vt 0.143567 0.939557
vt 0.071995 0.881314
vt 0.142168 0.866928
vt 0.088042 0.956175
vt 0.087818 0.955184
vt 0.086867 0.886345
vt 0.087865 0.886115
vt 0.143665 0.940670
vt 0.144100 0.939943
vt 0.144505 0.940071
vt 0.144256 0.940904
vt 0.087963 0.957115
vt 0.088535 0.957200
vt 0.142983 0.941416
vt 0.044601 0.957040
vt 0.043648 0.957352
vt 0.043645 0.956272
vt 0.044598 0.956047
vt 0.143547 0.866853
vt 0.144206 0.867617
vt 0.042704 0.957031
vt 0.042701 0.956038
vt 0.143111 0.866122
vt 0.060574 0.946591
vt 0.061184 0.946923
vt 0.061279 0.946969
vt 0.042702 0.954853
vt 0.043646 0.954978
vt 0.144244 0.865656
vt 0.144338 0.866099
vt 0.144123 0.866545
vt 0.144149 0.866631
vt 0.089250 0.955396
vt 0.089250 0.956355
vt 0.088961 0.957264
vt 0.144204 0.940992
vt 0.144316 0.941451
vt 0.144094 0.941905
vt 0.044599 0.954862
vt 0.144617 0.867497
vt 0.082970 0.951687
vt 0.082767 0.951827
vt 0.138047 0.948732
vt 0.042704 0.954510
vt 0.043649 0.954353
vt 0.060172 0.944510
vt 0.060711 0.943798
vt 0.060172 0.942968
vt 0.059956 0.942891
vt 0.059956 0.937867
vt 0.061279 0.938013
vt 0.147565 0.858802
vt 0.147399 0.859426
vt 0.147194 0.859286
vt 0.144420 0.941934
vt 0.044601 0.954519
vt 0.034231 0.950734
vt 0.034993 0.950521
vt 0.035402 0.951264
vt 0.034731 0.951743
vt 0.062582 0.941229
vt 0.061604 0.941355
vt 0.061777 0.940229
vt 0.062748 0.940387
vt 0.124272 0.941511
vt 0.125254 0.941533
vt 0.125320 0.942638
vt 0.124340 0.942733
vt 0.034828 0.949678
vt 0.035802 0.949811
vt 0.035961 0.950371
vt 0.063329 0.941161
vt 0.063488 0.940602
vt 0.123496 0.941500
vt 0.123562 0.942605
vt 0.034061 0.949608
vt 0.115877 0.947139
vt 0.115815 0.947674
vt 0.063806 0.940126
vt 0.063157 0.939645
vt 0.063769 0.939078
vt 0.064252 0.939780
vt 0.091166 0.957004
vt 0.091520 0.956091
vt 0.091862 0.956092
vt 0.091561 0.957006
vt 0.117479 0.948100
vt 0.116517 0.947879
vt 0.062277 0.939222
vt 0.125477 0.943592
vt 0.124510 0.943793
vt 0.036280 0.950848
vt 0.123719 0.943559
vt 0.045674 0.955347
vt 0.046591 0.955566
vt 0.046591 0.956649
vt 0.045674 0.956534
vt 0.044766 0.954662
vt 0.045677 0.954353
vt 0.044763 0.955572
vt 0.036018 0.951835
vt 0.035513 0.952536
vt 0.092290 0.956092
vt 0.092072 0.957006
vt 0.091550 0.955186
vt 0.092062 0.955186
vt 0.063054 0.938434
vt 0.046593 0.954656
vt 0.036729 0.951197
vt 0.037227 0.951370
vt 0.036686 0.952124
vt 0.036688 0.952137
vt 0.064434 0.938780
vt 0.064429 0.938793
vt 0.064746 0.939609
vt 0.044764 0.956655
vt 0.036741 0.952292
vt 0.036499 0.953034
vt 0.092752 0.956090
vt 0.092610 0.957004
vt 0.092600 0.955184
vt 0.064032 0.937940
vt 0.064457 0.938633
vt 0.046593 0.957208
vt 0.045677 0.957366
vt 0.044766 0.957214
vt 0.037033 0.953110
vt 0.039501 0.940223
vt 0.038775 0.939998
vt 0.039328 0.939454
vt 0.039960 0.939939
vt 0.085924 0.956980
vt 0.086296 0.956082
vt 0.086691 0.956084
vt 0.086336 0.956983
vt 0.085921 0.955184
vt 0.086334 0.955187
vt 0.038414 0.940699
vt 0.037447 0.940807
vt 0.037819 0.939826
vt 0.128055 0.942496
vt 0.129024 0.942518
vt 0.129139 0.943466
vt 0.128173 0.943559
vt 0.066735 0.951635
vt 0.067094 0.952051
vt 0.039152 0.940644
vt 0.127289 0.942485
vt 0.127405 0.943433
vt 0.038466 0.939021
vt 0.039324 0.938470
vt 0.040019 0.939118
vt 0.067003 0.954552
vt 0.067903 0.954196
vt 0.067898 0.955012
vt 0.066999 0.955315
vt 0.066711 0.952771
vt 0.066068 0.953267
vt 0.087150 0.956085
vt 0.086849 0.956985
vt 0.086847 0.955189
vt 0.129332 0.944217
vt 0.128378 0.944415
vt 0.067562 0.952328
vt 0.087411 0.956985
vt 0.087630 0.956084
vt 0.087655 0.956084
vt 0.087537 0.956985
vt 0.068802 0.955312
vt 0.068800 0.956268
vt 0.067896 0.956050
vt 0.068093 0.952441
vt 0.067415 0.953096
vt 0.040484 0.939818
vt 0.066997 0.956271
vt 0.066943 0.953805
vt 0.087409 0.955189
vt 0.087535 0.955189
vt 0.040309 0.938227
vt 0.040516 0.938576
vt 0.040441 0.939066
vt 0.068801 0.957323
vt 0.067897 0.957208
vt 0.068215 0.952426
vt 0.067818 0.953011
vt 0.067842 0.953142
vt 0.040383 0.939206
vt 0.040605 0.939831
vt 0.066998 0.957326
vt 0.068049 0.953659
vt 0.067942 0.954034
vt 0.067898 0.957717
vt 0.066999 0.957584
vt 0.068194 0.954008
vt 0.068802 0.957581
vt 0.054281 0.873728
vt 0.053314 0.873920
vt 0.145498 0.930622
vt 0.146480 0.930694
vt 0.146600 0.931156
vt 0.145638 0.931368
vt 0.035026 0.909593
vt 0.034047 0.909643
vt 0.034067 0.909193
vt 0.035048 0.909259
vt 0.145797 0.868852
vt 0.144818 0.868922
vt 0.144981 0.867892
vt 0.145939 0.868107
vt 0.144754 0.930540
vt 0.144915 0.931569
vt 0.035800 0.909547
vt 0.035821 0.909096
vt 0.146561 0.868764
vt 0.146682 0.868302
vt 0.052344 0.871736
vt 0.052378 0.872752
vt 0.147028 0.867860
vt 0.146390 0.867401
vt 0.147047 0.866911
vt 0.147507 0.867588
vt 0.146941 0.931598
vt 0.146083 0.932073
vt 0.034153 0.908781
vt 0.035124 0.908952
vt 0.145536 0.866923
vt 0.145463 0.932538
vt 0.085759 0.955184
vt 0.085397 0.956091
vt 0.085056 0.956093
vt 0.085364 0.955187
vt 0.052519 0.873681
vt 0.146289 0.933243
vt 0.146733 0.932561
vt 0.147515 0.932907
vt 0.147301 0.933739
vt 0.131321 0.957207
vt 0.130407 0.957508
vt 0.130404 0.956502
vt 0.131319 0.956285
vt 0.129497 0.957201
vt 0.129495 0.956279
vt 0.147416 0.931869
vt 0.085359 0.957005
vt 0.084839 0.957006
vt 0.084620 0.956093
vt 0.146371 0.866216
vt 0.084844 0.955188
vt 0.084131 0.956093
vt 0.084245 0.957006
vt 0.084110 0.957006
vt 0.083959 0.956092
vt 0.084249 0.955188
vt 0.147837 0.866565
vt 0.148064 0.867392
vt 0.130404 0.955297
vt 0.131320 0.955185
vt 0.129495 0.955179
vt 0.147967 0.932064
vt 0.147394 0.865718
vt 0.148046 0.865633
vt 0.147873 0.866536
vt 0.147887 0.866560
vt 0.147565 0.932911
vt 0.147557 0.932935
vt 0.147947 0.933823
vt 0.084115 0.955188
vt 0.148193 0.867390
vt 0.130407 0.954342
vt 0.131321 0.954503
vt 0.129497 0.954497
vt 0.148095 0.932066
vt 0.095170 0.923388
vt 0.079179 0.939319
vt 0.085803 0.945918
vt 0.095170 0.945918
vt 0.101794 0.939319
vt 0.101794 0.929987
vt 0.127530 0.865472
vt 0.139946 0.857465
vt 0.135410 0.861984
vt 0.134506 0.859764
vt 0.137737 0.856545
vt 0.139946 0.851074
vt 0.135410 0.846555
vt 0.128995 0.846555
vt 0.124459 0.851074
vt 0.126908 0.889581
vt 0.131408 0.888966
vt 0.131206 0.891608
vt 0.127611 0.892100
vt 0.137737 0.851994
vt 0.134506 0.848776
vt 0.129938 0.848776
vt 0.126708 0.851994
vt 0.126708 0.856545
vt 0.129938 0.859764
vt 0.072555 0.924242
vt 0.078890 0.923357
vt 0.078126 0.925774
vt 0.073615 0.926404
vt 0.126015 0.866566
vt 0.132304 0.865633
vt 0.131469 0.868188
vt 0.126989 0.868853
vt 0.125881 0.887215
vt 0.132201 0.886351
vt 0.125955 0.908140
vt 0.132259 0.907225
vt 0.131442 0.909766
vt 0.126953 0.910418
vt 0.074327 0.928823
vt 0.077932 0.928320
vt 0.077921 0.931286
vt 0.075014 0.931692
vt 0.131234 0.912372
vt 0.127647 0.912893
vt 0.123407 0.910962
vt 0.124815 0.913328
vt 0.070170 0.926758
vt 0.071575 0.929106
vt 0.123407 0.869424
vt 0.127677 0.871331
vt 0.124816 0.871788
vt 0.123407 0.890220
vt 0.124814 0.892610
vt 0.131255 0.870801
vt 0.126049 0.874613
vt 0.128358 0.874245
vt 0.129471 0.880098
vt 0.127691 0.880382
vt 0.131244 0.873817
vt 0.131195 0.894647
vt 0.128295 0.895044
vt 0.131223 0.915384
vt 0.128330 0.915804
vt 0.126045 0.916155
vt 0.072794 0.931920
vt 0.126040 0.895455
vt 0.127672 0.921928
vt 0.129434 0.921657
vt 0.130455 0.927519
vt 0.129031 0.927738
vt 0.129388 0.900926
vt 0.127648 0.901243
vt 0.078336 0.937192
vt 0.076093 0.937505
vt 0.131698 0.879768
vt 0.131625 0.900620
vt 0.131666 0.921333
vt 0.074380 0.937681
vt 0.126540 0.954606
vt 0.124705 0.954606
vt 0.123407 0.953313
vt 0.123407 0.951485
vt 0.124705 0.950192
vt 0.126540 0.950192
vt 0.127838 0.951485
vt 0.127838 0.953313
vt 0.077077 0.943344
vt 0.075693 0.943486
vt 0.130505 0.885959
vt 0.129066 0.886189
vt 0.130393 0.906806
vt 0.128987 0.907063
vt 0.078890 0.943090
vt 0.132304 0.885692
vt 0.132201 0.906559
vt 0.132259 0.927257
vt 0.111295 0.947083
vt 0.111340 0.937832
vt 0.111574 0.937867
vt 0.111529 0.947066
vt 0.120194 0.933495
vt 0.120046 0.940569
vt 0.119816 0.940593
vt 0.119964 0.933559
vt 0.120194 0.949874
vt 0.119964 0.949846
vt 0.051553 0.954822
vt 0.051519 0.947495
vt 0.051753 0.947477
vt 0.051786 0.954763
vt 0.051553 0.938227
vt 0.051786 0.938261
vt 0.131797 0.944445
vt 0.131615 0.937178
vt 0.131851 0.937162
vt 0.132032 0.944388
vt 0.131797 0.927900
vt 0.132032 0.927936
vt 0.111340 0.954493
vt 0.111574 0.954434
vt 0.150770 0.914830
vt 0.057455 0.952553
vt 0.058069 0.952227
vt 0.058170 0.952180
vt 0.058170 0.961136
vt 0.057707 0.956326
vt 0.058089 0.955409
vt 0.057707 0.954570
vt 0.083299 0.955020
vt 0.083348 0.954923
vt 0.083398 0.954904
vt 0.083409 0.954922
vt 0.147075 0.860032
vt 0.147145 0.860242
vt 0.146556 0.859842
vt 0.095282 0.956775
vt 0.095511 0.957577
vt 0.094439 0.957577
vt 0.094669 0.956775
vt 0.120952 0.954954
vt 0.120812 0.954933
vt 0.120815 0.954916
vt 0.144574 0.865633
vt 0.100891 0.957157
vt 0.100220 0.957345
vt 0.100052 0.957370
vt 0.099950 0.956805
vt 0.100804 0.956679
vt 0.080773 0.955492
vt 0.080136 0.956048
vt 0.079428 0.954959
vt 0.080232 0.954659
vt 0.147274 0.848838
vt 0.148109 0.849072
vt 0.147919 0.850164
vt 0.147065 0.850036
vt 0.101598 0.957387
vt 0.101459 0.957342
vt 0.101594 0.957366
vt 0.081223 0.954905
vt 0.081143 0.955009
vt 0.081173 0.954903
vt 0.081209 0.954884
vt 0.146561 0.849077
vt 0.146370 0.850169
vt 0.147250 0.843469
vt 0.147685 0.844052
vt 0.147149 0.844886
vt 0.146549 0.844560
vt 0.148213 0.844512
vt 0.148266 0.844614
vt 0.148313 0.844632
vt 0.147956 0.845188
vt 0.146961 0.845875
vt 0.146303 0.845853
vt 0.147825 0.845873
vt 0.099913 0.956117
vt 0.100774 0.956118
vt 0.079179 0.953666
vt 0.080042 0.953671
vt 0.147852 0.851458
vt 0.146992 0.851457
vt 0.101492 0.956801
vt 0.101455 0.956113
vt 0.080848 0.954329
vt 0.080717 0.953644
vt 0.146303 0.851463
vt 0.100804 0.955559
vt 0.101492 0.955428
vt 0.080232 0.952677
vt 0.080848 0.952956
vt 0.147065 0.852885
vt 0.146370 0.852764
vt 0.147149 0.846869
vt 0.146549 0.847153
vt 0.147956 0.846561
vt 0.099950 0.955431
vt 0.079428 0.952366
vt 0.147919 0.852759
vt 0.148109 0.853868
vt 0.147274 0.854102
vt 0.100891 0.955086
vt 0.101491 0.954885
vt 0.101595 0.954865
vt 0.080773 0.951829
vt 0.081146 0.952278
vt 0.081174 0.952368
vt 0.081212 0.952386
vt 0.146561 0.853873
vt 0.147685 0.847717
vt 0.147250 0.848262
vt 0.148316 0.847131
vt 0.148265 0.847151
vt 0.148218 0.847244
vt 0.100053 0.954869
vt 0.100183 0.954888
vt 0.080136 0.951257
vt 0.147890 0.847863
vt 0.132858 0.940758
vt 0.080722 0.950842
vt 0.080654 0.951054
vt 0.080980 0.951682
vt 0.148595 0.898906
vt 0.148834 0.898111
vt 0.149446 0.898111
vt 0.149668 0.898906
vt 0.092640 0.955184
vt 0.092762 0.956090
vt 0.148825 0.899708
vt 0.149438 0.899708
vt 0.147732 0.848469
vt 0.147831 0.848676
vt 0.122354 0.957430
vt 0.122227 0.957408
vt 0.121650 0.957220
vt 0.121564 0.956743
vt 0.122251 0.956865
vt 0.082915 0.950842
vt 0.082814 0.951057
vt 0.082332 0.951243
vt 0.120812 0.957434
vt 0.120969 0.957411
vt 0.120815 0.957454
vt 0.064523 0.938740
vt 0.040559 0.938248
vt 0.036778 0.952177
vt 0.064561 0.937867
vt 0.120709 0.956869
vt 0.145849 0.858753
vt 0.146652 0.858454
vt 0.147598 0.894733
vt 0.148433 0.894967
vt 0.148243 0.896059
vt 0.147389 0.895931
vt 0.122358 0.957450
vt 0.147644 0.858699
vt 0.147594 0.858699
vt 0.147631 0.858680
vt 0.146885 0.894973
vt 0.146694 0.896064
vt 0.082231 0.952660
vt 0.081632 0.952334
vt 0.083038 0.952962
vt 0.082043 0.953650
vt 0.081385 0.953627
vt 0.082907 0.953647
vt 0.120672 0.956180
vt 0.121533 0.956181
vt 0.145600 0.857460
vt 0.146462 0.857465
vt 0.148176 0.897354
vt 0.147316 0.897353
vt 0.122214 0.956177
vt 0.147269 0.858123
vt 0.147137 0.857439
vt 0.146627 0.897359
vt 0.121564 0.955622
vt 0.122251 0.955491
vt 0.146652 0.856471
vt 0.147269 0.856751
vt 0.147389 0.898780
vt 0.146694 0.898660
vt 0.082231 0.954644
vt 0.081632 0.954928
vt 0.083038 0.954335
vt 0.120709 0.955495
vt 0.145849 0.856161
vt 0.148243 0.898655
vt 0.148433 0.899764
vt 0.147598 0.899997
vt 0.121650 0.955150
vt 0.122241 0.954951
vt 0.122354 0.954929
vt 0.147194 0.855623
vt 0.147566 0.856071
vt 0.147594 0.856164
vt 0.147632 0.856181
vt 0.146885 0.899769
vt 0.082767 0.955491
vt 0.082332 0.956036
vt 0.146556 0.855051
vt 0.082971 0.955637
vt 0.147144 0.854636
vt 0.147075 0.854850
vt 0.147400 0.855477
vt 0.074433 0.957310
vt 0.074671 0.956515
vt 0.075285 0.956515
vt 0.075507 0.957310
vt 0.074663 0.958112
vt 0.075277 0.958112
vt 0.082814 0.956242
vt 0.082914 0.956451
vt 0.037264 0.951383
vt 0.092650 0.957004
vt 0.064783 0.939597
vt 0.117391 0.694190
vt 0.117391 0.700335
vt 0.116884 0.700340
vt 0.116884 0.694195
vt 0.120202 0.694186
vt 0.120202 0.700323
vt 0.119567 0.700320
vt 0.119567 0.694182
vt 0.119070 0.700340
vt 0.119070 0.694202
vt 0.054278 0.724343
vt 0.054278 0.730488
vt 0.053643 0.730487
vt 0.053643 0.724342
vt 0.053141 0.730491
vt 0.053141 0.724346
vt 0.055026 0.728638
vt 0.055026 0.722498
vt 0.055663 0.722496
vt 0.055663 0.728636
vt 0.056148 0.722512
vt 0.056148 0.728653
vt 0.118025 0.694191
vt 0.118025 0.700336
vt 0.117217 0.693476
vt 0.118362 0.693478
vt 0.117217 0.692342
vt 0.118362 0.692344
vt 0.048948 0.736638
vt 0.048948 0.736001
vt 0.049575 0.735740
vt 0.049575 0.736891
vt 0.046369 0.736666
vt 0.046369 0.736029
vt 0.046996 0.735776
vt 0.046996 0.736927
vt 0.055874 0.729318
vt 0.054723 0.729321
vt 0.053460 0.723630
vt 0.054607 0.723631
vt 0.047111 0.736674
vt 0.047111 0.736037
vt 0.047730 0.735776
vt 0.047730 0.736927
vt 0.119377 0.693445
vt 0.120525 0.693451
vt 0.048464 0.736037
vt 0.048464 0.736674
vt 0.047846 0.736927
vt 0.047846 0.735776
vt 0.073451 0.726900
vt 0.072634 0.727713
vt 0.072083 0.727486
vt 0.073222 0.726350
vt 0.055874 0.730450
vt 0.054723 0.730454
vt 0.053460 0.722496
vt 0.054607 0.722497
vt 0.119377 0.692313
vt 0.120525 0.692319
vt 0.056749 0.729347
vt 0.056749 0.730480
vt 0.052553 0.723636
vt 0.052553 0.722502
vt 0.118478 0.693480
vt 0.118478 0.692348
vt 0.116300 0.693484
vt 0.116300 0.692351
vt 0.075422 0.727713
vt 0.074606 0.726900
vt 0.074834 0.726350
vt 0.075974 0.727486
vt 0.074606 0.729678
vt 0.075422 0.728864
vt 0.075974 0.729092
vt 0.074834 0.730227
vt 0.073451 0.729678
vt 0.073222 0.730227
vt 0.072634 0.728864
vt 0.072083 0.729092
vt 0.051063 0.733164
vt 0.051056 0.734756
vt 0.049773 0.734752
vt 0.049781 0.733160
vt 0.104277 0.735805
vt 0.104277 0.734204
vt 0.105559 0.734207
vt 0.105559 0.735809
vt 0.073371 0.733701
vt 0.073365 0.735296
vt 0.072083 0.735293
vt 0.072088 0.733698
vt 0.069712 0.733853
vt 0.069707 0.735198
vt 0.068368 0.735195
vt 0.068373 0.733850
vt 0.127754 0.695450
vt 0.127723 0.697046
vt 0.126442 0.697028
vt 0.126473 0.695431
vt 0.104322 0.732987
vt 0.105604 0.732991
vt 0.073371 0.736557
vt 0.072088 0.736554
vt 0.127754 0.698297
vt 0.126473 0.698278
vt 0.111073 0.727011
vt 0.112685 0.727011
vt 0.112621 0.727161
vt 0.111133 0.727160
vt 0.113825 0.728147
vt 0.113673 0.728209
vt 0.113825 0.729752
vt 0.113673 0.729691
vt 0.112685 0.730888
vt 0.112621 0.730739
vt 0.111073 0.730888
vt 0.111133 0.730739
vt 0.105715 0.734258
vt 0.105715 0.735737
vt 0.109933 0.729752
vt 0.109933 0.728146
vt 0.110081 0.728209
vt 0.110081 0.729691
vt 0.051063 0.736031
vt 0.049781 0.736027
vt 0.112557 0.727315
vt 0.111197 0.727314
vt 0.113519 0.728272
vt 0.113519 0.729627
vt 0.112557 0.730585
vt 0.111197 0.730585
vt 0.110236 0.729627
vt 0.110236 0.728272
vt 0.109014 0.726202
vt 0.109818 0.726171
vt 0.109818 0.727305
vt 0.109014 0.727336
vt 0.074850 0.733717
vt 0.074824 0.735064
vt 0.073487 0.735045
vt 0.073513 0.733698
vt 0.057175 0.733811
vt 0.057168 0.735154
vt 0.055830 0.735150
vt 0.055836 0.733807
vt 0.057312 0.736202
vt 0.057290 0.734851
vt 0.058628 0.734834
vt 0.058650 0.736185
vt 0.074850 0.736119
vt 0.073513 0.736100
vt 0.057175 0.736230
vt 0.055836 0.736226
vt 0.057312 0.733824
vt 0.058650 0.733807
vt 0.069712 0.736262
vt 0.068373 0.736259
vt 0.080646 0.728474
vt 0.079614 0.728474
vt 0.079450 0.728080
vt 0.080810 0.728080
vt 0.081375 0.729201
vt 0.081771 0.729038
vt 0.081375 0.730229
vt 0.081771 0.730393
vt 0.080646 0.730956
vt 0.080810 0.731350
vt 0.079614 0.730956
vt 0.079450 0.731350
vt 0.078884 0.730229
vt 0.078488 0.730392
vt 0.078884 0.729201
vt 0.078488 0.729038
vt 0.126096 0.661813
vt 0.125067 0.661816
vt 0.125255 0.661084
vt 0.125825 0.661082
vt 0.057888 0.722504
vt 0.058707 0.722496
vt 0.058707 0.723631
vt 0.057888 0.723639
vt 0.125067 0.662951
vt 0.124285 0.662924
vt 0.124285 0.661790
vt 0.123558 0.725253
vt 0.124368 0.725247
vt 0.124368 0.726382
vt 0.123558 0.726388
vt 0.122533 0.725252
vt 0.122533 0.726387
vt 0.107988 0.726197
vt 0.107988 0.727331
vt 0.056865 0.722502
vt 0.056865 0.723637
vt 0.126096 0.662948
vt 0.122826 0.727093
vt 0.123395 0.727094
vt 0.123395 0.733326
vt 0.122826 0.733326
vt 0.081743 0.735568
vt 0.081743 0.736596
vt 0.081182 0.736369
vt 0.081182 0.735799
vt 0.058188 0.724339
vt 0.057733 0.724343
vt 0.124821 0.661069
vt 0.123844 0.727091
vt 0.108845 0.728018
vt 0.108276 0.728015
vt 0.057166 0.724342
vt 0.108845 0.734244
vt 0.108276 0.734241
vt 0.057733 0.730575
vt 0.057166 0.730574
vt 0.125255 0.654856
vt 0.125825 0.654854
vt 0.109290 0.728001
vt 0.109290 0.734226
vt 0.058188 0.730571
vt 0.124821 0.654841
vt 0.123844 0.733323
vt 0.114681 0.950285
vt 0.114356 0.949955
vt 0.113896 0.949967
vt 0.113229 0.948310
vt 0.115021 0.948262
vt 0.116288 0.949550
vt 0.489911 0.885154
vt 0.489195 0.885154
vt 0.488688 0.885659
vt 0.488562 0.885594
vt 0.489146 0.885011
vt 0.489973 0.885011
vt 0.116413 0.691031
vt 0.116865 0.690581
vt 0.117504 0.690581
vt 0.117956 0.691031
vt 0.117875 0.691065
vt 0.117470 0.690661
vt 0.116898 0.690661
vt 0.116493 0.691065
vt 0.116493 0.691635
vt 0.116413 0.691668
vt 0.117875 0.691635
vt 0.117470 0.692038
vt 0.116898 0.692038
vt 0.117956 0.691668
vt 0.117504 0.692118
vt 0.116865 0.692118
vt 0.095293 0.958371
vt 0.094679 0.958371
vt 0.122358 0.954912
vt 0.147644 0.856164
vt 0.055053 0.943070
vt 0.054961 0.943025
vt 0.054349 0.942693
vt 0.055053 0.938013
vt 0.114388 0.956616
vt 0.114617 0.957418
vt 0.113544 0.957418
vt 0.113773 0.956616
vt 0.080978 0.955631
vt 0.148219 0.952048
vt 0.059336 0.942688
vt 0.058723 0.943014
vt 0.058619 0.943062
vt 0.058619 0.938004
vt 0.147888 0.843913
vt 0.100056 0.954852
vt 0.114398 0.958212
vt 0.113784 0.958212
vt 0.148327 0.844611
vt 0.100056 0.957391
vt 0.101598 0.954849
vt 0.147834 0.843068
vt 0.147732 0.843285
vt 0.081223 0.952369
vt 0.080655 0.956236
vt 0.080725 0.956448
vt 0.148327 0.847148
vt 0.522444 0.922109
vt 0.522198 0.921516
vt 0.522444 0.920925
vt 0.509120 0.973066
vt 0.509721 0.973316
vt 0.509969 0.973916
vt 0.509721 0.974513
vt 0.509120 0.974758
vt 0.505714 0.965151
vt 0.506314 0.965396
vt 0.506563 0.965993
vt 0.506314 0.966592
vt 0.505714 0.966843
vt 0.505714 0.953453
vt 0.506314 0.953698
vt 0.506563 0.954295
vt 0.506314 0.954895
vt 0.505714 0.955145
vt 0.508520 0.974513
vt 0.508271 0.973916
vt 0.508520 0.973316
vt 0.523113 0.960838
vt 0.523359 0.961431
vt 0.523113 0.962022
vt 0.522520 0.973964
vt 0.521925 0.973720
vt 0.521678 0.973129
vt 0.521925 0.972536
vt 0.522520 0.972289
vt 0.523113 0.972536
vt 0.523359 0.973129
vt 0.523113 0.973720
vt 0.505113 0.954895
vt 0.504865 0.954295
vt 0.505113 0.953698
vt 0.509120 0.963043
vt 0.508520 0.962798
vt 0.508271 0.962201
vt 0.508520 0.961602
vt 0.509120 0.961351
vt 0.509721 0.961602
vt 0.509969 0.962201
vt 0.509721 0.962798
vt 0.522444 0.933824
vt 0.522198 0.933231
vt 0.522444 0.932640
vt 0.505113 0.966592
vt 0.504865 0.965993
vt 0.505113 0.965396
vn -0.6303 -0.0000 -0.7764
vn 0.2009 -0.0000 -0.9796
vn 0.2009 -0.6927 -0.6927
vn -0.6303 -0.5490 -0.5490
vn 0.2009 -0.9796 0.0000
vn -0.6303 -0.7764 -0.0000
vn 0.2009 -0.6927 0.6927
vn -0.6303 -0.5490 0.5490
vn 0.2009 0.0000 0.9796
vn -0.6303 0.0000 0.7764
vn 0.2009 0.6927 0.6927
vn -0.6303 0.5490 0.5490
vn 0.2009 0.9796 0.0000
vn -0.6303 0.7764 -0.0000
vn 0.2222 0.0000 0.9750
vn 0.2222 0.6894 0.6894
vn 0.2009 0.6927 -0.6927
vn -0.6303 0.5490 -0.5490
vn -0.9078 -0.4194 0.0000
vn -0.8515 -0.3708 -0.3708
vn -0.8515 -0.0000 -0.5244
vn -0.8515 0.3708 -0.3708
vn -0.9078 0.4194 0.0000
vn 0.2222 -0.9750 0.0000
vn 0.2222 -0.6894 -0.6894
vn 0.1363 -0.7005 -0.7005
vn 0.1363 -0.9907 0.0000
vn 0.2222 0.6894 -0.6894
vn 0.2222 -0.0000 -0.9750
vn 0.2222 -0.6894 0.6894
vn 0.2222 0.9750 -0.0000
vn 0.1363 0.0000 -0.9907
vn 0.1363 0.7005 -0.7005
vn 0.1459 0.6995 -0.6995
vn 0.1459 0.0000 -0.9893
vn 0.1363 0.9907 0.0000
vn 0.1363 -0.0000 0.9907
vn 0.1363 0.7005 0.7005
vn 0.1363 -0.7005 0.7005
vn 0.1459 -0.6995 0.6995
vn 0.1459 -0.9893 0.0000
vn -0.2382 -0.9712 -0.0000
vn -0.2382 -0.6868 0.6868
vn 0.1459 0.6995 0.6995
vn 0.1459 0.9893 0.0000
vn 0.1459 -0.0000 0.9893
vn 0.1459 -0.6995 -0.6995
vn -0.2382 0.6868 -0.6868
vn -0.2382 0.9712 -0.0000
vn -0.2140 0.9768 -0.0000
vn -0.2140 0.6907 -0.6907
vn -0.2382 0.0000 -0.9712
vn -0.2382 -0.6868 -0.6868
vn -0.2382 0.6868 0.6868
vn -0.2382 0.0000 0.9712
vn -0.2140 0.0000 0.9768
vn -0.2140 -0.6907 0.6907
vn -0.3527 -0.6617 0.6617
vn -0.3527 -0.0000 0.9357
vn -0.2140 0.6907 0.6907
vn -0.2140 -0.9768 -0.0000
vn -0.2140 0.0000 -0.9768
vn -0.2140 -0.6907 -0.6907
vn -0.3527 -0.0000 -0.9357
vn -0.3527 0.6617 -0.6617
vn -0.3033 0.6738 -0.6738
vn -0.3033 -0.0000 -0.9529
vn -0.3527 -0.6617 -0.6617
vn -0.3527 -0.9357 -0.0000
vn -0.3527 0.9357 -0.0000
vn -0.3527 0.6617 0.6617
vn -0.3033 0.6738 0.6738
vn -0.3033 -0.0000 0.9529
vn 0.2853 -0.0000 0.9584
vn 0.2853 0.6777 0.6777
vn -0.3033 0.9529 0.0000
vn -0.3033 -0.6738 0.6738
vn -0.3033 -0.6738 -0.6738
vn -0.3033 -0.9529 -0.0000
vn 0.2853 0.6777 -0.6777
vn 0.2853 0.9584 -0.0000
vn 0.4123 0.9110 -0.0000
vn 0.3908 0.6605 -0.6411
vn -0.5247 -0.8513 -0.0000
vn -0.2916 -0.7158 0.6346
vn -0.0000 -0.6969 0.7172
vn 0.2916 -0.7158 0.6346
vn 0.5247 -0.8513 -0.0000
vn 0.2853 -0.9584 -0.0000
vn 0.2853 -0.6777 0.6777
vn 0.2853 -0.0000 -0.9584
vn 0.2853 -0.6777 -0.6777
vn 0.2916 -0.7158 -0.6346
vn -0.0000 -0.6969 -0.7172
vn -0.2916 -0.7158 -0.6346
vn 0.3908 0.6605 0.6411
vn 0.3329 0.0220 0.9427
vn 0.0152 0.0396 0.9991
vn 0.2565 0.6804 0.6865
vn 0.2368 -0.9716 -0.0000
vn 0.2666 -0.6691 0.6937
vn 0.3329 0.0219 -0.9427
vn 0.2666 -0.6691 -0.6937
vn 0.1708 0.0000 -0.9853
vn -0.2047 0.0000 -0.9788
vn -0.2047 -0.6921 -0.6921
vn 0.1708 -0.6967 -0.6967
vn -0.2047 -0.9788 -0.0000
vn 0.1708 -0.9853 -0.0000
vn -0.2047 -0.6921 0.6921
vn 0.1708 -0.6967 0.6967
vn -0.2047 -0.0000 0.9788
vn 0.1708 -0.0000 0.9853
vn -0.2047 0.6921 0.6921
vn 0.1708 0.6967 0.6967
vn -0.2047 0.9788 -0.0000
vn 0.1708 0.9853 -0.0000
vn -0.1865 -0.6947 -0.6947
vn -0.1865 -0.9825 -0.0000
vn -0.2047 0.6921 -0.6921
vn 0.1708 0.6967 -0.6967
vn 0.1579 0.9875 -0.0000
vn 0.1579 0.6982 0.6982
vn -0.1865 0.0000 0.9825
vn -0.1865 -0.6947 0.6947
vn 0.2922 -0.6762 0.6762
vn 0.2922 -0.0000 0.9563
vn -0.1865 0.6947 0.6947
vn -0.1865 0.6947 -0.6947
vn -0.1865 0.0000 -0.9825
vn -0.1865 0.9825 -0.0000
vn 0.2922 0.0000 -0.9563
vn 0.2923 0.6762 -0.6762
vn 0.5804 0.5676 -0.5839
vn 0.6165 -0.0157 -0.7872
vn 0.2922 -0.6762 -0.6762
vn 0.2922 -0.9563 -0.0000
vn -0.5247 0.8513 0.0000
vn -0.2916 0.7158 -0.6346
vn 0.0000 0.6969 -0.7172
vn 0.2916 0.7158 -0.6346
vn 0.5247 0.8513 -0.0000
vn 0.2923 0.9563 0.0000
vn 0.2923 0.6762 0.6762
vn 0.2916 0.7158 0.6346
vn 0.0000 0.6969 0.7172
vn -0.2916 0.7158 0.6346
vn 0.6490 -0.5453 -0.5305
vn 0.5647 0.8253 -0.0000
vn 0.5804 0.5676 0.5839
vn 0.6165 -0.0157 0.7872
vn 0.6490 -0.5453 0.5305
vn 0.6614 -0.7501 -0.0000
vn 0.1579 0.6982 -0.6982
vn -0.1579 0.6982 -0.6982
vn -0.1579 0.9875 -0.0000
vn 0.1579 -0.0000 0.9875
vn 0.1579 -0.6982 0.6982
vn 0.1579 -0.9875 0.0000
vn 0.1579 -0.6982 -0.6982
vn 0.1579 -0.0000 -0.9875
vn -0.1579 0.6982 0.6982
vn -0.1778 0.9834 0.0370
vn -0.2687 0.6688 0.6932
vn -0.1579 -0.0000 0.9875
vn -0.1579 -0.6982 0.6982
vn -0.1579 -0.9875 -0.0000
vn -0.1579 -0.6982 -0.6982
vn -0.1579 -0.0000 -0.9875
vn -0.0406 0.7364 -0.6753
vn 0.3584 0.7207 -0.5934
vn -0.0134 0.9993 0.0350
vn -0.2986 -0.0000 0.9544
vn -0.2687 -0.6688 0.6932
vn -0.1778 -0.9834 0.0370
vn -0.0406 -0.7364 -0.6753
vn 0.0423 -0.0000 -0.9991
vn 0.2598 0.6828 -0.6828
vn 0.2598 0.0000 -0.9657
vn -0.3138 0.0000 -0.9495
vn -0.3138 0.6714 -0.6714
vn 0.2959 0.9552 -0.0000
vn 0.2959 0.6755 -0.6755
vn 0.2598 0.9657 -0.0000
vn 0.2959 0.0000 -0.9552
vn -0.1836 0.0000 -0.9830
vn -0.1836 -0.6951 -0.6951
vn 0.2959 -0.6755 -0.6755
vn 0.2598 0.6828 0.6828
vn -0.3138 0.9495 -0.0000
vn -0.3138 0.6714 0.6714
vn 0.2959 -0.9552 -0.0000
vn 0.2959 -0.6755 0.6755
vn 0.2598 -0.6828 0.6828
vn 0.2598 -0.9657 0.0000
vn -0.1836 -0.9830 -0.0000
vn 0.2598 -0.0000 0.9657
vn -0.3138 -0.0000 0.9495
vn -0.3138 -0.6714 0.6714
vn -0.1836 -0.6951 0.6951
vn 0.2598 -0.6828 -0.6828
vn -0.3138 -0.6714 -0.6714
vn 0.2959 0.6755 0.6755
vn -0.1836 0.0000 0.9830
vn 0.2959 0.0000 0.9552
vn -0.1836 0.6951 0.6951
vn -0.3138 -0.9495 0.0000
vn -0.2732 -0.9620 0.0000
vn -0.3045 -0.6608 -0.6860
vn -0.1836 0.9830 0.0000
vn -0.1836 0.6951 -0.6951
vn -0.1687 0.6970 -0.6970
vn -0.1687 0.0000 -0.9857
vn 0.3615 -0.9324 0.0000
vn 0.2450 -0.6393 -0.7289
vn -0.3701 0.0216 0.9287
vn -0.3045 -0.6608 0.6860
vn -0.4460 0.8950 -0.0000
vn -0.4255 0.6494 0.6303
vn -0.3701 0.0216 -0.9287
vn -0.4255 0.6494 -0.6303
vn -0.1687 -0.6970 -0.6970
vn 0.1843 0.0000 -0.9829
vn 0.1843 -0.6950 -0.6950
vn -0.1687 0.0000 0.9857
vn -0.1687 0.6970 0.6970
vn -0.1687 -0.9857 -0.0000
vn -0.1687 0.9857 0.0000
vn -0.1687 -0.6970 0.6970
vn 0.1843 0.6950 -0.6950
vn 0.1843 0.9829 0.0000
vn 0.2094 0.9771 0.0391
vn 0.0610 0.7391 -0.6709
vn 0.1843 0.6950 0.6950
vn 0.1843 -0.6950 0.6950
vn 0.1843 0.0000 0.9829
vn 0.1843 -0.9829 -0.0000
vn -0.0335 0.0000 -0.9994
vn -0.3804 0.7188 -0.5819
vn -0.5780 0.0000 -0.8160
vn 0.3334 0.0000 0.9428
vn 0.3032 0.6613 0.6862
vn 0.2094 -0.9771 0.0391
vn 0.3032 -0.6613 0.6862
vn 0.0610 -0.7391 -0.6709
vn 0.2069 -0.0000 -0.9784
vn -0.1829 -0.0000 -0.9831
vn -0.1829 -0.6952 -0.6952
vn 0.2069 -0.6918 -0.6918
vn -0.1829 -0.9831 -0.0000
vn 0.2069 -0.9784 -0.0000
vn -0.1829 -0.6952 0.6952
vn 0.2069 -0.6918 0.6918
vn -0.1829 -0.0000 0.9831
vn 0.2069 -0.0000 0.9784
vn -0.1829 0.6952 0.6952
vn 0.2069 0.6918 0.6918
vn -0.1829 0.9831 0.0000
vn 0.2069 0.9784 0.0000
vn -0.1681 -0.6970 -0.6970
vn -0.1681 -0.9858 -0.0000
vn -0.1829 0.6952 -0.6952
vn 0.2069 0.6918 -0.6918
vn 0.1882 -0.6945 0.6945
vn 0.1882 -0.9821 -0.0000
vn 0.1882 0.6945 0.6945
vn 0.1882 0.9821 0.0000
vn -0.1808 0.9835 0.0000
vn -0.1808 0.6955 0.6955
vn 0.1882 -0.0000 0.9821
vn 0.1882 0.6945 -0.6945
vn 0.1882 -0.6945 -0.6945
vn 0.1882 -0.0000 -0.9821
vn -0.1808 -0.0000 -0.9835
vn -0.1808 -0.6955 -0.6955
vn -0.5546 -0.5968 -0.5798
vn -0.5124 -0.0185 -0.8585
vn -0.1808 -0.0000 0.9835
vn -0.1808 -0.6955 0.6955
vn -0.1808 -0.9835 -0.0000
vn -0.1808 0.6955 -0.6955
vn -0.5704 -0.8214 -0.0000
vn -0.5546 -0.5968 0.5798
vn -0.5124 -0.0185 0.8585
vn -0.4643 0.6164 0.6360
vn -0.4425 0.8968 0.0000
vn -0.4643 0.6164 -0.6360
vn 0.1954 -0.6935 -0.6935
vn 0.1954 -0.9807 -0.0000
vn -0.1681 -0.0000 0.9858
vn -0.1681 0.6970 0.6970
vn -0.1681 0.6970 -0.6970
vn -0.1681 -0.0000 -0.9858
vn -0.1681 -0.6970 0.6970
vn -0.1681 0.9858 0.0000
vn 0.1954 0.0000 -0.9807
vn 0.1954 0.6935 -0.6935
vn -0.0525 0.7786 -0.6253
vn -0.2769 0.0000 -0.9609
vn 0.1954 0.9807 -0.0000
vn 0.1954 -0.0000 0.9807
vn 0.1954 0.6935 0.6935
vn 0.1954 -0.6935 0.6935
vn 0.3852 -0.6360 0.6687
vn 0.2425 -0.9678 0.0676
vn 0.0074 -0.9995 0.0312
vn 0.4453 -0.6729 0.5907
vn 0.3852 0.6360 0.6687
vn 0.2425 0.9678 0.0676
vn 0.4248 -0.0000 0.9053
vn -0.0525 -0.7786 -0.6253
vn -0.0000 -0.1248 -0.9922
vn 0.7016 -0.1248 -0.7016
vn 0.9922 -0.1248 -0.0000
vn 0.7016 -0.1248 0.7016
vn 0.0000 -0.1248 0.9922
vn -0.7016 -0.1248 0.7016
vn -0.9922 -0.1248 -0.0000
vn -0.7016 -0.1248 -0.7016
vn -0.7009 -0.1328 -0.7008
vn -0.9911 -0.1328 -0.0000
vn -0.6859 0.2432 -0.6859
vn -0.9700 0.2432 0.0000
vn 0.9911 -0.1328 -0.0000
vn 0.7008 -0.1328 -0.7008
vn -0.7009 -0.1328 0.7008
vn 0.0000 -0.1328 0.9911
vn 0.0000 -0.1328 -0.9911
vn 0.7008 -0.1328 0.7008
vn 0.6859 0.2432 -0.6859
vn 0.9700 0.2432 -0.0000
vn 0.9760 0.2180 -0.0000
vn 0.6901 0.2180 -0.6901
vn -0.6859 0.2432 0.6859
vn 0.0000 0.2432 0.9700
vn 0.6859 0.2432 0.6859
vn -0.0000 0.2432 -0.9700
vn -0.6901 0.2180 -0.6901
vn 0.0000 0.2180 -0.9760
vn -0.9760 0.2180 0.0000
vn -0.6901 0.2180 0.6901
vn 0.0000 0.2180 0.9760
vn 0.6901 0.2180 0.6901
vn 0.6817 0.6213 0.3863
vn 0.5988 0.7987 -0.0598
vn 0.4738 0.7735 -0.4210
vn 0.3826 0.7251 0.5726
vn -0.0000 -0.1518 -0.9884
vn -0.0000 -0.8042 -0.5944
vn 0.4203 -0.8042 -0.4203
vn 0.6989 -0.1518 -0.6989
vn 0.5944 -0.8042 0.0000
vn 0.9884 -0.1518 0.0000
vn 0.4203 -0.8042 0.4203
vn 0.6989 -0.1518 0.6989
vn -0.0000 -0.8042 0.5944
vn -0.0000 -0.1518 0.9884
vn -0.4203 -0.8042 0.4203
vn -0.6989 -0.1518 0.6989
vn -0.5944 -0.8042 -0.0000
vn -0.9884 -0.1518 -0.0000
vn 0.7764 -0.6303 0.0000
vn 0.5490 -0.6303 0.5490
vn -0.4203 -0.8042 -0.4203
vn -0.6989 -0.1518 -0.6989
vn -0.6976 -0.1638 -0.6976
vn -0.9865 -0.1638 0.0000
vn -0.5988 0.7987 -0.0598
vn -0.6817 0.6213 0.3863
vn -0.9295 0.2523 0.2690
vn -0.9924 -0.0000 0.1231
vn -0.9295 -0.2523 0.2690
vn -0.6817 -0.6213 0.3863
vn -0.5988 -0.7987 -0.0598
vn -0.5345 0.6547 -0.5345
vn -0.7559 0.6547 0.0000
vn -0.8513 -0.5247 -0.0000
vn -0.7158 -0.2916 -0.6346
vn -0.6969 -0.0000 -0.7172
vn -0.7158 0.2916 -0.6346
vn -0.8513 0.5247 0.0000
vn -0.7158 -0.2916 -0.6345
vn -0.7158 0.2916 -0.6345
vn 0.9865 -0.1638 0.0000
vn 0.6976 -0.1638 -0.6976
vn -0.6976 -0.1638 0.6976
vn -0.0000 -0.1638 0.9865
vn -0.0000 -0.1638 -0.9865
vn 0.6976 -0.1638 0.6976
vn 0.5345 0.6547 -0.5345
vn 0.7559 0.6547 0.0000
vn 0.8547 0.5191 0.0000
vn 0.6044 0.5191 -0.6044
vn -0.5345 0.6547 0.5345
vn -0.0000 0.6547 0.7559
vn -0.2878 -0.5522 0.7824
vn -0.4808 -0.5896 0.6489
vn -0.7228 -0.4184 0.5500
vn -0.8404 -0.0000 0.5420
vn -0.7228 0.4184 0.5500
vn -0.4809 0.5901 0.6485
vn -0.2902 0.5543 0.7801
vn 0.5345 0.6547 0.5345
vn 0.7071 -0.7071 0.0000
vn 0.5337 -0.4349 0.7253
vn 0.5197 0.0000 0.8544
vn 0.5337 0.4349 0.7253
vn 0.7071 0.7071 0.0000
vn -0.0000 0.6547 -0.7559
vn 0.2482 -0.5397 -0.8044
vn 0.5935 -0.2952 -0.7488
vn 0.6393 -0.0000 -0.7689
vn 0.5935 0.2952 -0.7488
vn 0.2482 0.5397 -0.8044
vn -0.2091 0.7714 -0.6011
vn -0.4738 0.7735 -0.4210
vn -0.7158 0.2916 0.6346
vn -0.6969 0.0000 0.7172
vn -0.7158 -0.2916 0.6346
vn 0.2584 0.7730 0.5794
vn 0.7544 0.4926 0.4340
vn 0.9173 -0.0000 0.3981
vn 0.7544 -0.4926 0.4340
vn 0.2594 -0.7705 0.5823
vn 0.5337 0.4349 -0.7253
vn 0.5197 0.0000 -0.8544
vn 0.5337 -0.4349 -0.7253
vn -0.6044 0.5191 -0.6044
vn -0.0000 0.5191 -0.8547
vn -0.0000 -0.4959 -0.8684
vn -0.6140 -0.4959 -0.6140
vn -0.8547 0.5191 -0.0000
vn -0.6044 0.5191 0.6044
vn -0.0000 0.5191 0.8547
vn 0.6044 0.5191 0.6044
vn 0.8684 -0.4959 -0.0000
vn 0.6140 -0.4959 0.6140
vn 0.5537 -0.6219 0.5537
vn 0.7831 -0.6219 0.0000
vn -0.8684 -0.4959 0.0000
vn -0.6140 -0.4959 0.6140
vn -0.0000 -0.4959 0.8684
vn 0.6140 -0.4959 -0.6140
vn -0.7831 -0.6219 0.0000
vn -0.5537 -0.6219 -0.5537
vn -0.5490 -0.6303 -0.5490
vn -0.7764 -0.6303 0.0000
vn 0.5537 -0.6219 -0.5537
vn -0.0000 -0.6219 -0.7831
vn -0.5537 -0.6219 0.5537
vn -0.0000 -0.6219 0.7831
vn -0.0000 -0.6303 -0.7764
vn 0.5490 -0.6303 -0.5490
vn -0.0000 -0.6303 0.7764
vn -0.5490 -0.6303 0.5490
vn -0.5490 0.6303 -0.5490
vn -0.0000 0.6303 -0.7764
vn 0.5490 0.6303 -0.5490
vn 0.0000 1.0000 -0.0000
vn -0.0000 0.6303 0.7764
vn 0.5490 0.6303 0.5490
vn 0.7764 0.6303 -0.0000
vn -0.5490 0.6303 0.5490
vn -0.7764 0.6303 -0.0000
vn -0.7091 0.6115 -0.3509
vn -0.8345 0.5116 0.2049
vn -0.9860 0.1653 0.0200
vn -0.9984 0.0000 -0.0559
vn -0.9860 -0.1653 0.0200
vn -0.8345 -0.5116 0.2049
vn -0.7091 -0.6115 -0.3509
vn 0.8513 -0.5247 0.0000
vn 0.7158 -0.2916 0.6345
vn 0.6969 0.0000 0.7172
vn 0.7158 0.2916 0.6345
vn 0.8513 0.5247 -0.0000
vn 0.2091 0.7714 -0.6011
vn -0.2483 0.5397 -0.8044
vn 0.1143 -0.3256 -0.9386
vn 0.5305 -0.1969 -0.8245
vn 0.5581 -0.0000 -0.8297
vn 0.5305 0.1969 -0.8245
vn 0.1143 0.3256 -0.9386
vn -0.3035 0.5210 -0.7978
vn -0.4895 0.5003 -0.7142
vn 0.7158 0.2916 -0.6345
vn 0.6969 -0.0000 -0.7172
vn 0.7158 -0.2916 -0.6345
vn 0.5988 -0.7987 -0.0598
vn 0.6817 -0.6213 0.3863
vn 0.9295 -0.2523 0.2690
vn 0.9924 0.0000 0.1231
vn 0.9295 0.2523 0.2690
vn -0.3562 -0.5423 0.7609
vn -0.7204 -0.3348 0.6074
vn -0.7752 -0.0000 0.6317
vn -0.7224 0.3367 0.6040
vn -0.3653 0.5550 0.7473
vn -0.3784 -0.8069 0.4536
vn -0.7571 -0.6216 0.2010
vn -0.9870 0.0000 0.1604
vn -0.7571 0.6215 0.2013
vn -0.3801 0.8076 0.4509
vn -0.5935 0.2952 -0.7487
vn -0.6393 -0.0000 -0.7689
vn -0.5935 -0.2952 -0.7487
vn -0.2483 -0.5397 -0.8044
vn 0.3203 0.5722 -0.7550
vn -0.3153 0.7469 -0.5855
vn -0.7176 0.4004 -0.5698
vn -0.8193 -0.0000 -0.5733
vn -0.7176 -0.4004 -0.5698
vn -0.3163 -0.7443 -0.5882
vn 0.3178 -0.5701 -0.7577
vn 0.1493 0.9151 0.3745
vn 0.4795 0.6448 0.5952
vn 0.7245 0.4211 0.5456
vn 0.8442 0.0000 0.5360
vn 0.7245 -0.4211 0.5456
vn 0.4795 -0.6448 0.5952
vn 0.1504 -0.9143 0.3761
vn 0.3047 0.7474 0.5904
vn 0.5196 0.5982 0.6101
vn 0.7563 0.4582 0.4671
vn 0.8981 -0.0000 0.4397
vn 0.7563 -0.4582 0.4671
vn 0.5196 -0.5982 0.6101
vn 0.3069 -0.7366 0.6027
vn 0.1615 0.0000 0.9869
vn 0.1615 0.6978 0.6978
vn 0.1752 0.6962 0.6962
vn 0.1752 0.9845 0.0000
vn 0.1615 0.9869 0.0000
vn 0.1752 0.0000 -0.9845
vn -0.4325 0.0000 -0.9016
vn -0.4325 -0.6375 -0.6375
vn 0.1752 -0.6962 -0.6962
vn 0.1615 0.0000 -0.9869
vn 0.1615 -0.6978 -0.6978
vn 0.1752 -0.9845 0.0000
vn 0.1615 -0.9869 0.0000
vn -0.4325 -0.9016 0.0000
vn -0.4325 -0.6375 0.6375
vn 0.1752 -0.6962 0.6962
vn 0.1752 0.0000 0.9845
vn -0.4325 -0.0000 0.9016
vn 0.1615 0.6978 -0.6978
vn 0.1615 -0.6978 0.6978
vn -0.4325 0.6375 0.6375
vn 0.1752 0.6962 -0.6962
vn -0.4325 0.9016 0.0000
vn -0.4325 0.6375 -0.6375
vn -0.3621 0.9322 0.0000
vn -0.3621 0.6591 -0.6591
vn -0.3621 -0.6591 0.6591
vn -0.3621 -0.9322 0.0000
vn 0.3051 -0.9523 0.0000
vn 0.3051 -0.6734 0.6734
vn -0.3621 -0.0000 0.9322
vn -0.3621 0.0000 -0.9322
vn -0.3621 0.6591 0.6591
vn -0.3621 -0.6591 -0.6591
vn 0.3051 0.6734 -0.6734
vn 0.3051 0.9523 0.0000
vn 0.4326 0.9016 0.0000
vn 0.4123 0.6535 -0.6347
vn 0.3051 0.0000 -0.9523
vn 0.3051 -0.6734 -0.6734
vn 0.3051 0.6734 0.6734
vn 0.3051 0.0000 0.9523
vn 0.2980 -0.6638 -0.6860
vn 0.3586 0.0205 -0.9333
vn 0.0145 0.0399 -0.9991
vn -0.2341 -0.6433 -0.7289
vn 0.3586 0.0205 0.9333
vn 0.4123 0.6535 0.6347
vn 0.2712 -0.9625 0.0000
vn 0.2980 -0.6638 0.6860
vn 0.5712 0.8208 0.0000
vn 0.5883 0.5623 -0.5811
vn 0.6611 -0.5382 -0.5227
vn 0.6269 -0.0171 -0.7789
vn 0.5883 0.5623 0.5811
vn 0.6269 -0.0171 0.7789
vn 0.6611 -0.5382 0.5227
vn 0.6740 -0.7388 0.0000
vn 0.5869 0.5725 -0.5725
vn 0.5869 -0.0000 -0.8097
vn 0.7482 0.6635 0.0000
vn 0.7482 0.4692 -0.4692
vn 0.5869 0.8097 -0.0000
vn 0.7482 -0.0000 -0.6635
vn -0.7496 0.0000 -0.6619
vn -0.7496 -0.4680 -0.4680
vn 0.7482 -0.4692 -0.4692
vn 0.5869 0.5725 0.5725
vn 0.7482 -0.6635 -0.0000
vn 0.7482 -0.4692 0.4692
vn 0.5869 -0.5725 0.5725
vn 0.5869 -0.8097 0.0000
vn -0.7496 -0.6619 0.0000
vn 0.5869 -0.0000 0.8097
vn -0.7496 -0.4680 0.4680
vn 0.5869 -0.5725 -0.5725
vn 0.7482 0.4692 0.4692
vn -0.7496 -0.0000 0.6619
vn 0.7482 -0.0000 0.6635
vn -0.7496 0.4680 0.4680
vn -0.7496 0.6619 0.0000
vn -0.5880 -0.0000 0.8089
vn -0.5880 0.5720 0.5720
vn -0.7496 0.4680 -0.4680
vn -0.5880 -0.5720 0.5720
vn -0.5880 -0.5720 -0.5720
vn -0.5880 -0.8089 0.0000
vn -0.5880 0.8089 0.0000
vn -0.5880 0.0000 -0.8089
vn -0.5880 0.5720 -0.5720
vn -0.0027 -0.0162 -0.9999
vn -0.2539 -0.0000 -0.9672
vn -0.2539 -0.6839 -0.6839
vn -0.0494 -0.7149 -0.6974
vn -0.2539 -0.9672 0.0000
vn -0.0680 -0.9977 0.0000
vn -0.2539 -0.6839 0.6839
vn -0.0494 -0.7149 0.6974
vn -0.2539 -0.0000 0.9672
vn -0.0027 -0.0162 0.9999
vn -0.2539 0.6839 0.6839
vn 0.0449 0.6993 0.7134
vn -0.2539 0.9672 0.0000
vn 0.0642 0.9979 0.0000
vn -0.2539 0.6839 -0.6839
vn -0.2266 0.9740 0.0000
vn -0.2266 0.6887 -0.6887
vn 0.0449 0.6993 -0.7134
vn -0.3092 -0.9510 0.0000
vn -0.2233 -0.6922 -0.6863
vn -0.2266 -0.0000 -0.9740
vn 0.2168 0.6903 -0.6903
vn 0.2168 0.0000 -0.9762
vn -0.2266 -0.6887 -0.6887
vn -0.2266 -0.0000 0.9740
vn -0.2266 0.6887 0.6887
vn -0.2266 -0.9740 0.0000
vn -0.2266 -0.6887 0.6887
vn 0.2168 -0.6903 0.6903
vn 0.2168 -0.9762 0.0000
vn 0.2461 -0.9687 -0.0324
vn 0.1253 -0.7281 0.6739
vn 0.2168 0.6903 0.6903
vn 0.2168 0.9762 0.0000
vn 0.2168 -0.0000 0.9762
vn 0.2168 -0.6903 -0.6903
vn 0.3514 -0.0000 -0.9362
vn 0.3252 0.6575 -0.6797
vn 0.3043 0.6845 -0.6625
vn 0.4074 0.0000 -0.9133
vn 0.3252 -0.6575 -0.6797
vn 0.1253 0.7281 0.6739
vn 0.2461 0.9687 -0.0324
vn 0.0493 -0.0000 0.9988
vn 0.3521 0.9360 0.0000
vn 0.4737 0.5516 0.6865
vn 0.6509 0.7591 0.0000
vn -0.3566 -0.9343 -0.0000
vn -0.2434 -0.6399 0.7289
vn 0.0152 0.0396 -0.9991
vn -0.2434 -0.6399 -0.7289
vn 0.2565 0.6804 -0.6865
vn -0.4476 -0.5180 -0.7289
vn 0.0279 0.0320 -0.9991
vn 0.0371 0.0205 -0.9991
vn -0.5978 -0.3337 -0.7289
vn -0.4476 -0.5180 0.7289
vn 0.0279 0.0320 0.9991
vn -0.6546 -0.7560 -0.0000
vn 0.4737 0.5516 -0.6865
vn 0.6338 0.3564 -0.6865
vn 0.8713 0.4907 0.0000
vn 0.9866 0.1631 0.0000
vn 0.7175 0.1181 -0.6865
vn 0.6338 0.3564 0.6865
vn -0.5978 -0.3337 0.7289
vn 0.0371 0.0205 0.9991
vn -0.8737 -0.4865 -0.0000
vn -0.9874 -0.1583 -0.0000
vn -0.6759 -0.1091 -0.7289
vn -0.6724 0.1286 -0.7289
vn -0.9820 0.1889 -0.0000
vn 0.0419 0.0066 0.9991
vn 0.7175 0.1181 0.6865
vn -0.6759 -0.1091 0.7289
vn 0.0419 0.0066 -0.9991
vn 0.0417 -0.0081 -0.9991
vn 0.7146 -0.1344 -0.6865
vn 0.6255 -0.3707 -0.6865
vn 0.0364 -0.0219 -0.9991
vn 0.9829 -0.1842 -0.0000
vn 0.0417 -0.0081 0.9991
vn 0.7146 -0.1344 0.6865
vn -0.6724 0.1286 0.7289
vn -0.5879 0.3509 0.7289
vn -0.8582 0.5134 -0.0000
vn -0.6308 0.7759 -0.0000
vn -0.4324 0.5308 0.7289
vn 0.6255 -0.3707 0.6865
vn 0.8606 -0.5092 -0.0000
vn 0.0364 -0.0219 0.9991
vn -0.5879 0.3509 -0.7289
vn 0.4610 -0.5623 -0.6865
vn 0.6346 -0.7729 -0.0000
vn 0.3335 -0.9428 -0.0000
vn 0.2425 -0.6856 -0.6864
vn 0.0267 -0.0330 -0.9991
vn -0.4324 0.5308 -0.7289
vn 0.4610 -0.5623 0.6865
vn 0.0267 -0.0330 0.9991
vn 0.0157 -0.0398 0.9991
vn -0.2226 0.6472 0.7291
vn 0.2425 -0.6856 0.6864
vn -0.3251 0.9457 -0.0000
vn 0.0157 -0.0398 -0.9991
vn -0.2226 0.6472 -0.7291
vn -0.3420 -0.9397 -0.0000
vn -0.4400 -0.5244 -0.7289
vn -0.6428 -0.7660 -0.0000
vn 0.2487 0.6833 -0.6865
vn 0.2487 0.6833 0.6865
vn 0.3420 0.9397 0.0000
vn -0.2341 -0.6433 0.7289
vn 0.0145 0.0399 0.9991
vn 0.0273 0.0325 -0.9991
vn 0.4674 0.5570 -0.6865
vn 0.6297 0.3636 -0.6865
vn 0.0368 0.0212 -0.9991
vn 0.6428 0.7660 0.0000
vn 0.0273 0.0325 0.9991
vn 0.4674 0.5570 0.6865
vn -0.4400 -0.5244 0.7289
vn -0.5929 -0.3423 0.7289
vn -0.8660 -0.5000 0.0000
vn -0.9848 -0.1736 0.0000
vn -0.6742 -0.1189 0.7289
vn 0.6297 0.3636 0.6865
vn 0.8660 0.5000 0.0000
vn 0.0368 0.0212 0.9991
vn -0.5929 -0.3423 -0.7289
vn 0.7161 0.1263 -0.6865
vn 0.9848 0.1736 0.0000
vn 0.9848 -0.1736 -0.0000
vn 0.7161 -0.1263 -0.6865
vn 0.0418 0.0074 -0.9991
vn -0.6742 -0.1189 -0.7289
vn 0.7161 0.1263 0.6865
vn 0.0418 0.0074 0.9991
vn 0.0418 -0.0074 0.9991
vn -0.6742 0.1189 0.7289
vn -0.5929 0.3423 0.7289
vn 0.0368 -0.0212 0.9991
vn 0.7161 -0.1263 0.6865
vn -0.9848 0.1736 0.0000
vn 0.0418 -0.0074 -0.9991
vn -0.6742 0.1189 -0.7289
vn 0.0368 -0.0212 -0.9991
vn 0.6297 -0.3636 -0.6865
vn 0.4674 -0.5570 -0.6865
vn 0.0273 -0.0325 -0.9991
vn -0.5929 0.3423 -0.7289
vn -0.8660 0.5000 0.0000
vn 0.8660 -0.5000 0.0000
vn 0.6297 -0.3636 0.6865
vn 0.4674 -0.5570 0.6865
vn 0.0273 -0.0325 0.9991
vn 0.0145 -0.0399 0.9991
vn 0.2487 -0.6833 0.6865
vn 0.6428 -0.7660 0.0000
vn -0.4400 0.5244 0.7289
vn -0.4400 0.5244 -0.7289
vn -0.6428 0.7660 -0.0000
vn 0.2487 -0.6833 -0.6865
vn 0.3420 -0.9397 -0.0000
vn -0.3420 0.9397 0.0000
vn -0.2341 0.6433 0.7289
vn 0.0145 -0.0399 -0.9991
vn -0.2341 0.6433 -0.7289
vn -0.2526 0.6818 0.6865
vn -0.3469 0.9379 -0.0000
vn -0.6467 0.7627 0.0000
vn -0.4706 0.5543 0.6865
vn -0.0144 0.0399 0.9991
vn 0.2450 -0.6393 0.7289
vn -0.0144 0.0399 -0.9991
vn -0.2526 0.6818 -0.6865
vn 0.4489 -0.5169 -0.7289
vn 0.6586 -0.7525 -0.0000
vn 0.8763 -0.4819 -0.0000
vn 0.5986 -0.3322 -0.7289
vn -0.0272 0.0326 -0.9991
vn -0.4706 0.5543 -0.6865
vn 0.4489 -0.5169 0.7289
vn -0.0272 0.0326 0.9991
vn -0.0367 0.0213 0.9991
vn -0.6318 0.3599 0.6865
vn -0.7168 0.1221 0.6865
vn -0.0418 0.0075 0.9991
vn 0.5986 -0.3322 0.7289
vn -0.8686 0.4955 -0.0000
vn -0.0367 0.0213 -0.9991
vn -0.6318 0.3599 -0.6865
vn -0.0418 0.0075 -0.9991
vn 0.6761 -0.1074 -0.7289
vn 0.6721 0.1303 -0.7289
vn -0.0418 -0.0072 -0.9991
vn -0.7168 0.1221 -0.6865
vn -0.9857 0.1686 -0.0000
vn 0.9882 -0.1531 -0.0000
vn 0.6761 -0.1074 0.7289
vn 0.6721 0.1303 0.7289
vn -0.0418 -0.0072 0.9991
vn -0.0368 -0.0211 0.9991
vn 0.5870 0.3523 0.7289
vn 0.9810 0.1941 -0.0000
vn -0.7153 -0.1304 0.6865
vn -0.7153 -0.1304 -0.6865
vn -0.9839 -0.1787 -0.0000
vn 0.5870 0.3523 -0.7289
vn 0.8554 0.5179 0.0000
vn 0.6267 0.7793 0.0000
vn 0.4311 0.5318 -0.7289
vn -0.8634 -0.5045 -0.0000
vn -0.6276 -0.3672 0.6865
vn -0.0368 -0.0211 -0.9991
vn -0.6276 -0.3672 -0.6865
vn 0.4311 0.5318 0.7289
vn 0.2395 0.6428 0.7276
vn 0.3436 0.9391 -0.0000
vn -0.0274 -0.0324 0.9991
vn -0.6388 -0.7694 -0.0000
vn -0.4642 -0.5597 0.6865
vn -0.0274 -0.0324 -0.9991
vn -0.4642 -0.5597 -0.6865
vn -0.2386 -0.6863 -0.6870
vn -0.0052 -0.0416 -0.9991
vn -0.2386 -0.6863 0.6870
vn -0.0052 -0.0416 0.9991
vn -0.3319 -0.9433 -0.0000
vn 0.2395 0.6428 -0.7276
vn 0.2945 0.9557 -0.0000
vn 0.2039 0.6538 -0.7287
vn 0.4152 0.5447 -0.7287
vn 0.6036 0.7973 -0.0000
vn 0.2039 0.6538 0.7287
vn -0.0121 -0.0407 0.9991
vn -0.0121 -0.0407 -0.9991
vn -0.2233 -0.6922 0.6863
vn 0.4152 0.5447 0.7287
vn 0.8399 0.5428 -0.0000
vn 0.5764 0.3698 0.7287
vn -0.0253 -0.0341 0.9991
vn -0.4465 -0.5740 0.6863
vn -0.6158 -0.7879 -0.0000
vn -0.4465 -0.5740 -0.6863
vn -0.0253 -0.0341 -0.9991
vn -0.0354 -0.0234 -0.9991
vn -0.6160 -0.3867 -0.6863
vn -0.7111 -0.1527 -0.6863
vn -0.0413 -0.0099 -0.9991
vn -0.0354 -0.0234 0.9991
vn -0.6160 -0.3867 0.6863
vn -0.8481 -0.5298 0.0000
vn 0.5764 0.3698 -0.7287
vn 0.9749 0.2228 -0.0000
vn 0.6682 0.1504 -0.7287
vn 0.6793 -0.0872 -0.7287
vn 0.9923 -0.1241 -0.0000
vn 0.6682 0.1504 0.7287
vn -0.0413 -0.0099 0.9991
vn -0.7111 -0.1527 0.6863
vn -0.9782 -0.2077 0.0000
vn -0.7204 0.0997 -0.6863
vn -0.9902 0.1394 0.0000
vn -0.8829 0.4696 0.0000
vn -0.6429 0.3401 -0.6863
vn 0.6793 -0.0872 0.7287
vn -0.0422 0.0049 0.9991
vn -0.7204 0.0997 0.6863
vn -0.0422 0.0049 -0.9991
vn 0.6085 -0.3143 -0.7287
vn -0.0380 0.0190 -0.9991
vn -0.0292 0.0308 -0.9991
vn 0.4643 -0.5035 -0.7287
vn 0.8900 -0.4560 -0.0000
vn 0.6085 -0.3143 0.7287
vn -0.0380 0.0190 0.9991
vn -0.6429 0.3401 0.6863
vn -0.6690 0.7433 0.0000
vn -0.4878 0.5394 0.6863
vn -0.2739 0.6737 0.6863
vn -0.3744 0.9273 0.0000
vn 0.6804 -0.7329 -0.0000
vn 0.4643 -0.5035 0.7287
vn -0.0292 0.0308 0.9991
vn -0.4878 0.5394 -0.6863
vn 0.3887 -0.9214 -0.0000
vn 0.2641 -0.6319 -0.7287
vn 0.0721 -0.6897 -0.7205
vn 0.1095 -0.9940 -0.0000
vn -0.2739 0.6737 -0.6863
vn -0.0169 0.0390 -0.9991
vn 0.2641 -0.6319 0.7287
vn -0.0169 0.0390 0.9991
vn -0.0809 0.7157 0.6937
vn -0.0100 0.0261 0.9996
vn -0.0179 0.0000 0.9998
vn -0.0179 0.7070 0.7070
vn 0.0721 -0.6897 0.7205
vn -0.1073 0.9942 0.0000
vn -0.0809 0.7157 -0.6937
vn -0.0100 0.0261 -0.9996
vn -0.0179 -0.7070 -0.7070
vn -0.0179 0.0000 -0.9998
vn -0.0340 -0.0000 -0.9994
vn -0.0340 -0.7067 -0.7067
vn -0.0179 0.9998 0.0000
vn -0.0179 0.7070 -0.7070
vn -0.0179 -0.9998 -0.0000
vn -0.0179 -0.7070 0.7070
vn -0.0340 -0.0000 0.9994
vn -0.0340 -0.7067 0.7067
vn -0.0709 -0.7053 0.7053
vn -0.0709 0.0000 0.9975
vn -0.0340 -0.9994 -0.0000
vn -0.0340 0.7067 0.7067
vn -0.0340 0.9994 0.0000
vn -0.0340 0.7067 -0.7067
vn -0.1301 -0.9915 -0.0000
vn -0.1301 -0.7011 -0.7011
vn -0.2388 -0.6866 -0.6866
vn -0.2388 -0.9711 -0.0000
vn -0.0709 0.7053 0.7053
vn -0.0709 0.9975 0.0000
vn -0.0709 0.7053 -0.7053
vn -0.0709 -0.0000 -0.9975
vn -0.0709 -0.7053 -0.7053
vn -0.0709 -0.9975 -0.0000
vn -0.3799 -0.6541 0.6541
vn -0.3799 -0.9250 -0.0000
vn -0.6280 -0.7782 -0.0000
vn -0.6280 -0.5503 0.5503
vn -0.1301 0.0000 0.9915
vn -0.1301 -0.7011 0.7011
vn -0.2388 -0.6866 0.6866
vn -0.2388 0.0000 0.9711
vn -0.1301 0.9915 0.0000
vn -0.1301 0.7011 0.7011
vn -0.2388 0.6866 0.6866
vn -0.2388 0.9711 0.0000
vn -0.1301 -0.0000 -0.9915
vn -0.1301 0.7011 -0.7011
vn -0.2388 0.6866 -0.6866
vn -0.2388 -0.0000 -0.9711
vn -0.6280 -0.0000 -0.7782
vn -0.6280 0.5503 -0.5503
vn -0.8311 0.3933 -0.3933
vn -0.8311 -0.0000 -0.5562
vn -0.3799 0.6541 0.6541
vn -0.3799 0.0000 0.9250
vn -0.6280 0.0000 0.7782
vn -0.6280 0.5503 0.5503
vn -0.3799 0.6541 -0.6541
vn -0.3799 0.9250 0.0000
vn -0.6280 0.7782 0.0000
vn -0.3799 -0.6541 -0.6541
vn -0.6280 -0.5503 -0.5503
vn -0.3799 0.0000 -0.9250
vn -0.8311 -0.3933 -0.3933
vn -0.8311 -0.5562 -0.0000
vn -0.8311 -0.3933 0.3933
vn -0.8311 0.0000 0.5562
vn -0.8311 0.3933 0.3933
vn -0.8311 0.5562 0.0000
vn 0.9821 -0.1333 0.1333
vn 0.9821 -0.1885 -0.0000
vn 0.8182 -0.5749 -0.0000
vn 0.8182 -0.4065 0.4065
vn 0.9821 0.1885 0.0000
vn 0.9821 0.1333 -0.1333
vn 0.7347 -0.4797 0.4797
vn 0.7347 -0.6784 0.0000
vn 0.9821 -0.0000 -0.1885
vn 0.9821 -0.1333 -0.1333
vn 0.7347 0.4797 0.4797
vn 0.7347 0.0000 0.6784
vn 0.9821 0.0000 0.1885
vn 0.9821 0.1333 0.1333
vn 0.7347 -0.4797 -0.4797
vn 0.7347 -0.0000 -0.6784
vn -0.3366 0.6659 -0.6659
vn -0.3366 -0.0000 -0.9417
vn 0.7347 0.6784 -0.0000
vn -0.3068 0.6865 0.6593
vn -0.0235 0.9993 0.0291
vn -0.4955 0.6865 0.5322
vn -0.4127 -0.0000 0.9109
vn -0.3068 -0.6865 0.6593
vn -0.0134 -0.9993 0.0350
vn 0.3584 -0.7207 -0.5934
vn 0.5426 -0.0000 -0.8400
vn 0.7756 -0.0000 -0.6312
vn 0.5242 -0.7207 -0.4536
vn 0.6401 -0.7192 -0.2700
vn 0.9327 -0.0000 -0.3607
vn -0.6740 -0.0000 0.7388
vn -0.4955 -0.6865 0.5322
vn -0.0235 -0.9993 0.0291
vn 0.5242 0.7207 -0.4536
vn -0.0308 0.9993 0.0203
vn 0.6401 0.7192 -0.2700
vn -0.6357 0.6864 0.3531
vn -0.8693 -0.0000 0.4943
vn -0.6357 -0.6864 0.3532
vn -0.0308 -0.9993 0.0205
vn -0.3035 -0.5210 -0.7978
vn -0.4895 -0.5003 -0.7142
vn -0.7152 0.6845 0.1413
vn -0.9794 -0.0000 0.2020
vn -0.7152 -0.6844 0.1414
vn -0.0338 0.9989 -0.0338
vn -0.7071 0.0000 0.7071
vn 0.4738 -0.7735 -0.4210
vn 0.2091 -0.7714 -0.6011
vn -0.0338 -0.9989 -0.0338
vn 0.3147 -0.6861 0.6559
vn 0.0126 -0.9993 0.0350
vn 0.0228 -0.9993 0.0294
vn 0.5020 -0.6861 0.5266
vn 0.3147 0.6861 0.6559
vn 0.0126 0.9993 0.0350
vn 0.4222 0.0000 0.9065
vn -0.3804 -0.7188 -0.5819
vn -0.5416 0.7188 -0.4359
vn 0.0228 0.9993 0.0294
vn 0.0305 0.9993 0.0210
vn -0.6503 0.7184 -0.2470
vn -0.8019 0.0000 -0.5975
vn -0.5416 -0.7188 -0.4359
vn 0.5020 0.6861 0.5266
vn 0.6817 0.0000 0.7316
vn 0.8744 0.0000 0.4852
vn 0.6402 -0.6861 0.3457
vn 0.7170 -0.6843 0.1329
vn 0.9815 0.0000 0.1916
vn 0.6402 0.6861 0.3457
vn 0.0305 -0.9993 0.0210
vn -0.9474 0.0000 -0.3200
vn -0.6503 -0.7184 -0.2469
vn 0.7170 0.6843 0.1329
vn -0.6140 0.6733 -0.4120
vn 0.0074 0.9995 0.0312
vn 0.0167 0.9995 0.0274
vn -0.7112 0.6733 -0.2021
vn -0.8775 0.0000 -0.4795
vn -0.6140 -0.6733 -0.4120
vn 0.4453 0.6729 0.5907
vn 0.5783 -0.0000 0.8158
vn 0.6060 0.6729 0.4242
vn 0.7076 0.6725 0.2168
vn 0.0222 0.9996 0.0190
vn 0.8021 -0.0000 0.5972
vn 0.0167 -0.9995 0.0274
vn 0.6060 -0.6729 0.4242
vn -0.9828 -0.0000 -0.1849
vn -0.7112 -0.6733 -0.2021
vn -0.7483 -0.6630 0.0189
vn -0.9947 -0.0000 0.1032
vn 0.7076 -0.6725 0.2168
vn 0.9474 -0.0000 0.3201
vn 0.0216 -0.9995 0.0221
vn -0.7474 0.6643 0.0120
vn 0.7445 0.6676 -0.0074
vn 0.7444 -0.6676 -0.0074
vn 0.9999 -0.0000 0.0134
vn 0.5208 0.6834 -0.5116
vn 0.7027 0.0000 -0.7115
vn -0.3628 0.7288 0.5807
vn 0.0177 0.9989 -0.0436
vn -0.3628 -0.7288 0.5807
vn -0.5646 0.0000 0.8254
vn 0.3043 -0.6845 -0.6625
vn 0.0177 -0.9989 -0.0436
vn -0.5698 -0.7203 0.3955
vn 0.0283 -0.9991 -0.0326
vn 0.0186 -0.9997 -0.0181
vn -0.6728 -0.7047 0.2251
vn -0.5698 0.7203 0.3955
vn 0.0283 0.9991 -0.0326
vn -0.8505 0.0000 0.5259
vn 0.5208 -0.6834 -0.5116
vn 0.6452 0.6877 -0.3327
vn 0.0186 0.9997 -0.0181
vn 0.0352 0.9993 -0.0142
vn 0.7144 0.6851 -0.1424
vn 0.8831 0.0000 -0.4692
vn 0.6452 -0.6877 -0.3327
vn -0.6728 0.7047 0.2251
vn -0.9586 -0.0000 0.2846
vn -0.9989 -0.0000 0.0461
vn -0.6956 -0.7165 0.0521
vn -0.6956 0.7165 0.0521
vn 0.0352 -0.9993 -0.0144
vn 0.9790 0.0000 -0.2040
vn 0.7144 -0.6851 -0.1425
vn 0.7221 -0.4185 -0.5509
vn 0.7221 0.4186 -0.5507
vn 0.8401 0.0000 -0.5424
vn -0.3366 -0.6659 -0.6659
vn -0.3366 0.9417 0.0000
vn -0.3366 0.6659 0.6659
vn -0.3366 0.0000 0.9417
vn -0.3366 -0.6659 0.6659
vn -0.3366 -0.9417 0.0000
vn 0.7347 0.4797 -0.4797
vn 0.8182 0.4065 0.4065
vn 0.8182 -0.0000 0.5749
vn 0.5985 0.0000 0.8011
vn 0.5985 0.5665 0.5665
vn 0.8182 0.5749 0.0000
vn 0.8182 0.4065 -0.4065
vn 0.8182 0.0000 -0.5749
vn 0.8182 -0.4065 -0.4065
vn 0.5985 -0.8011 -0.0000
vn 0.5985 -0.5665 -0.5665
vn 0.3675 -0.6576 -0.6576
vn 0.3675 -0.9300 -0.0000
vn 0.5985 0.8011 0.0000
vn 0.5985 0.5665 -0.5665
vn 0.5985 0.0000 -0.8011
vn 0.5985 -0.5665 0.5665
vn 0.3675 0.9300 0.0000
vn 0.3675 0.6576 0.6576
vn 0.2254 0.6889 0.6889
vn 0.2254 0.9743 0.0000
vn 0.3675 -0.6576 0.6576
vn 0.3675 0.0000 0.9300
vn 0.3675 0.6576 -0.6576
vn 0.3675 0.0000 -0.9300
vn 0.2254 -0.6889 -0.6889
vn 0.2254 -0.0000 -0.9743
vn 0.1212 0.0000 -0.9926
vn 0.1212 -0.7019 -0.7019
vn 0.2254 0.6889 -0.6889
vn 0.2254 -0.9743 -0.0000
vn 0.2254 -0.6889 0.6889
vn 0.2254 -0.0000 0.9743
vn 0.1212 0.7019 0.7019
vn 0.1212 0.0000 0.9926
vn 0.6656 0.0000 0.7463
vn 0.6656 0.5277 0.5277
vn 0.1212 -0.9926 -0.0000
vn 0.1212 -0.7019 0.7019
vn 0.1212 0.9926 0.0000
vn 0.1212 0.7019 -0.7019
vn 0.6656 -0.5277 0.5277
vn 0.6656 -0.7463 -0.0000
vn 0.6656 -0.5277 -0.5277
vn 0.6656 0.0000 -0.7463
vn 0.6656 0.5277 -0.5277
vn 0.6656 0.7463 0.0000
vn 0.7071 0.0000 0.7071
vn -0.3826 0.7251 0.5726
vn -0.5158 -0.6841 -0.5158
vn -0.7071 -0.0000 -0.7071
vn -0.3826 -0.7251 0.5726
vn 0.2608 -0.7317 0.6297
vn 0.3827 -0.0000 0.9239
vn -0.2791 -0.6841 -0.6739
vn -0.0183 -0.9989 -0.0441
vn -0.5158 0.6841 -0.5158
vn -0.2791 0.6841 -0.6739
vn -0.3827 -0.0000 -0.9239
vn 0.3826 -0.7251 0.5726
vn -0.0183 0.9989 -0.0441
vn 0.2608 0.7317 0.6297
vn -0.0000 0.9989 -0.0477
vn -0.0000 0.6841 -0.7294
vn 0.0000 0.7317 0.6816
vn 0.0000 -0.7317 0.6816
vn 0.0000 -0.0000 1.0000
vn -0.0000 -0.6841 -0.7294
vn 0.0000 -0.9989 -0.0477
vn -0.0000 -0.0000 -1.0000
vn -0.3827 -0.0000 0.9239
vn -0.2608 0.7317 0.6297
vn 0.0183 -0.9989 -0.0441
vn -0.2608 -0.7317 0.6297
vn 0.3827 -0.0000 -0.9239
vn 0.2791 -0.6841 -0.6739
vn 0.0183 0.9989 -0.0441
vn 0.2791 0.6841 -0.6739
vn 0.5158 0.6841 -0.5158
vn 0.7071 -0.0000 -0.7071
vn 0.0338 -0.9989 -0.0338
vn -0.4738 -0.7735 -0.4210
vn 0.5158 -0.6841 -0.5158
vn 0.0338 0.9989 -0.0338
vn -0.2091 -0.7714 -0.6011
vn -0.7045 0.6926 -0.1547
vn -0.9808 0.0000 -0.1950
vn -0.0067 1.0000 0.0037
vn -0.0064 -1.0000 0.0030
vn -0.7043 -0.6927 -0.1554
vn 0.4061 0.0000 -0.9138
vn 0.4062 -0.6462 -0.6462
vn 0.4062 -0.9138 -0.0000
vn -0.8515 -0.3708 0.3708
vn 0.4061 -0.6462 0.6462
vn -0.8515 0.0000 0.5244
vn 0.4061 0.0000 0.9138
vn -0.8515 0.3708 0.3708
vn 0.4061 0.6462 0.6462
vn 0.4061 0.9138 -0.0000
vn 0.4062 0.6462 -0.6462
vn 0.3429 0.0000 -0.9394
vn 0.3429 0.6642 -0.6642
vn 0.8042 -0.0000 -0.5944
vn 0.8042 0.4203 -0.4203
vn 0.3429 -0.6642 -0.6642
vn 0.3429 -0.6642 0.6642
vn 0.3429 -0.9394 0.0000
vn 0.3429 0.9394 -0.0000
vn 0.3429 0.6642 0.6642
vn 0.3429 0.0000 0.9394
vn 0.8042 0.0000 0.5944
vn 0.8042 0.4203 0.4203
vn 0.6303 0.5490 0.5490
vn 0.6303 0.0000 0.7764
vn 0.8042 0.5944 0.0000
vn 0.8042 -0.4203 0.4203
vn 0.8042 -0.5944 0.0000
vn 0.8042 -0.4203 -0.4203
vn 0.6303 -0.5490 0.5490
vn 0.6303 -0.7764 0.0000
vn 0.6303 -0.5490 -0.5490
vn 0.6303 -0.0000 -0.7764
vn 0.6303 0.5490 -0.5490
vn 0.6303 0.7764 0.0000
vn -0.3689 -0.0000 -0.9295
vn -0.3689 0.6572 -0.6572
vn -0.3689 0.9295 0.0000
vn -0.3689 0.6572 0.6572
vn -0.3689 -0.0000 0.9295
vn -0.3689 -0.6572 0.6572
vn -0.8042 -0.4203 0.4203
vn -0.8042 0.0000 0.5944
vn -0.3689 -0.9295 0.0000
vn -0.3689 -0.6572 -0.6572
vn -0.8991 -0.3095 -0.3095
vn -0.8991 -0.0000 -0.4377
vn -0.8991 -0.4377 -0.0000
vn -0.8991 -0.3095 0.3095
vn -0.8991 -0.0000 0.4377
vn -0.8991 0.3095 0.3095
vn -0.8991 0.4377 -0.0000
vn -0.8991 0.3095 -0.3095
vn -0.8042 0.4203 0.4203
vn -0.8042 0.5944 0.0000
vn -0.8042 0.4203 -0.4203
vn -0.8042 -0.0000 -0.5944
vn -0.8042 -0.4203 -0.4203
vn -0.8042 -0.5944 0.0000
vn -0.3184 -0.6703 0.6703
vn -0.3184 -0.9479 0.0000
vn -0.3184 0.6703 0.6703
vn -0.3184 0.9480 -0.0000
vn -0.3730 0.9278 -0.0000
vn -0.3730 0.6561 0.6561
vn -0.3184 -0.6703 -0.6703
vn -0.3184 0.0000 -0.9480
vn -0.3184 0.6703 -0.6703
vn -0.3184 -0.0000 0.9480
vn -0.3730 -0.6561 0.6561
vn -0.3730 -0.0000 0.9278
vn -0.3730 -0.9278 0.0000
vn -0.3730 -0.6561 -0.6561
vn -0.3730 -0.0000 -0.9278
vn -0.3730 0.6561 -0.6561
usemtl Base
s 1
f 1/1/1 2/2/2 4/3/3 3/4/4
f 3/5/4 4/6/3 6/7/5 5/8/6
f 5/8/6 6/7/5 8/9/7 7/10/8
f 7/11/8 8/12/7 10/13/9 9/14/10
f 9/14/10 10/13/9 12/15/11 11/16/12
f 11/17/12 12/18/11 14/19/13 13/20/14
f 12/21/11 10/22/9 21/23/15 22/24/16
f 13/20/14 14/19/13 16/25/17 15/26/18
f 15/27/18 16/28/17 2/2/2 1/1/1
f 1/29/1 3/30/4 5/31/6 1636/32/19 1635/33/20 1630/34/21 1648/35/22 1646/36/23 13/37/14 15/38/18
f 19/39/24 18/40/25 26/41/26 27/42/27
f 2/43/2 16/44/17 24/45/28 17/46/29
f 4/47/3 2/43/2 17/46/29 18/48/25
f 8/49/7 6/50/5 19/51/24 20/52/30
f 14/53/13 12/54/11 22/55/16 23/56/31
f 10/22/9 8/57/7 20/58/30 21/23/15
f 16/59/17 14/53/13 23/56/31 24/60/28
f 6/50/5 4/61/3 18/62/25 19/51/24
f 25/63/32 32/64/33 40/65/34 33/66/35
f 24/67/28 23/68/31 31/69/36 32/70/33
f 22/71/16 21/72/15 29/73/37 30/74/38
f 20/75/30 19/39/24 27/42/27 28/76/39
f 18/77/25 17/78/29 25/79/32 26/80/26
f 17/78/29 24/81/28 32/82/33 25/79/32
f 23/68/31 22/83/16 30/84/38 31/69/36
f 21/72/15 20/85/30 28/86/39 29/73/37
f 36/87/40 35/88/41 43/89/42 44/90/43
f 31/91/36 30/92/38 38/93/44 39/94/45
f 29/95/37 28/96/39 36/97/40 37/98/46
f 27/99/27 26/100/26 34/101/47 35/102/41
f 32/103/33 31/91/36 39/94/45 40/104/34
f 30/105/38 29/95/37 37/98/46 38/106/44
f 28/107/39 27/99/27 35/102/41 36/108/40
f 26/109/26 25/63/32 33/66/35 34/110/47
f 48/111/48 47/112/49 55/113/50 56/114/51
f 34/115/47 33/116/35 41/117/52 42/118/53
f 33/116/35 40/119/34 48/120/48 41/117/52
f 39/121/45 38/122/44 46/123/54 47/124/49
f 37/125/46 36/126/40 44/127/43 45/128/55
f 35/88/41 34/129/47 42/130/53 43/89/42
f 40/131/34 39/121/45 47/124/49 48/132/48
f 38/133/44 37/125/46 45/128/55 46/134/54
f 53/135/56 52/136/57 60/137/58 61/138/59
f 46/139/54 45/140/55 53/141/56 54/142/60
f 44/143/43 43/144/42 51/145/61 52/146/57
f 42/147/53 41/148/52 49/149/62 50/150/63
f 41/148/52 48/151/48 56/152/51 49/149/62
f 47/112/49 46/153/54 54/154/60 55/113/50
f 45/140/55 44/155/43 52/156/57 53/141/56
f 43/144/42 42/157/53 50/158/63 51/145/61
f 57/159/64 64/160/65 72/161/66 65/162/67
f 51/163/61 50/164/63 58/165/68 59/166/69
f 56/167/51 55/168/50 63/169/70 64/170/65
f 54/171/60 53/135/56 61/138/59 62/172/71
f 52/173/57 51/163/61 59/166/69 60/174/58
f 50/175/63 49/176/62 57/177/64 58/178/68
f 49/176/62 56/179/51 64/180/65 57/177/64
f 55/168/50 54/181/60 62/182/71 63/169/70
f 70/183/72 69/184/73 77/185/74 78/186/75
f 63/187/70 62/188/71 70/189/72 71/190/76
f 61/191/59 60/192/58 68/193/77 69/194/73
f 59/195/69 58/196/68 66/197/78 67/198/79
f 64/199/65 63/187/70 71/190/76 72/200/66
f 62/201/71 61/191/59 69/194/73 70/202/72
f 60/203/58 59/195/69 67/198/79 68/204/77
f 58/205/68 57/159/64 65/162/67 66/206/78
f 80/207/80 79/208/81 87/209/82 88/210/83
f 68/211/77 67/212/79 1649/213/84 1654/214/85 1656/215/86 1653/216/87 1655/217/88 75/218/89 76/219/90
f 66/220/78 65/221/67 73/222/91 74/223/92
f 65/221/67 72/224/66 80/225/80 73/222/91
f 71/226/76 70/227/72 78/228/75 79/229/81
f 69/184/73 68/230/77 76/231/90 77/185/74
f 67/212/79 66/232/78 74/233/92 75/218/89 1655/217/88 1657/234/93 1625/235/94 1626/236/95 1649/213/84
f 72/237/66 71/226/76 79/229/81 80/238/80
f 86/239/96 85/240/97 869/241/98 870/242/99
f 78/243/75 77/244/74 85/245/97 86/246/96
f 76/247/90 75/248/89 83/249/100 84/250/101
f 74/251/92 73/252/91 81/253/102 82/254/103
f 73/252/91 80/255/80 88/256/83 81/253/102
f 79/208/81 78/257/75 86/258/96 87/209/82
f 77/244/74 76/259/90 84/260/101 85/245/97
f 75/248/89 74/261/92 82/262/103 83/249/100
f 89/263/104 90/264/105 92/265/106 91/266/107
f 91/267/107 92/268/106 94/269/108 93/270/109
f 93/270/109 94/269/108 96/271/110 95/272/111
f 95/273/111 96/274/110 98/275/112 97/276/113
f 97/276/113 98/275/112 100/277/114 99/278/115
f 99/279/115 100/280/114 102/281/116 101/282/117
f 94/283/108 92/284/106 106/285/118 107/286/119
f 101/282/117 102/281/116 104/287/120 103/288/121
f 103/289/121 104/290/120 90/264/105 89/263/104
f 99/291/115 101/292/117 134/293/122 133/294/123
f 109/295/124 108/296/125 116/297/126 117/298/127
f 100/299/114 98/300/112 109/301/124 110/302/128
f 90/303/105 104/304/120 112/305/129 105/306/130
f 92/307/106 90/303/105 105/306/130 106/308/118
f 96/309/110 94/283/108 107/286/119 108/310/125
f 102/311/116 100/312/114 110/313/128 111/314/131
f 98/300/112 96/315/110 108/316/125 109/301/124
f 104/317/120 102/311/116 111/314/131 112/318/129
f 113/319/132 120/320/133 127/321/134 121/322/135
f 107/323/119 106/324/118 114/325/136 115/326/137
f 112/327/129 111/328/131 1537/329/138 1541/330/139 1623/331/140 1535/332/141 1627/333/142 119/334/143 120/335/133
f 110/336/128 109/295/124 117/298/127 118/337/144
f 108/338/125 107/323/119 115/326/137 116/339/126
f 106/340/118 105/341/130 113/342/132 114/343/136
f 105/341/130 112/344/129 120/345/133 113/342/132
f 111/328/131 110/346/128 118/347/144 119/334/143 1627/333/142 1527/348/145 1529/349/146 1533/350/147 1537/329/138
f 122/351/148 121/352/135 127/353/134 126/354/149 125/355/150 929/356/151 124/357/152 123/358/153
f 119/359/143 118/360/144 125/361/150 126/362/149
f 117/363/127 116/364/126 124/365/152 929/366/151
f 115/367/137 114/368/136 122/369/148 123/370/153
f 120/371/133 119/359/143 126/362/149 127/372/134
f 118/373/144 117/363/127 929/366/151 125/374/150
f 116/375/126 115/367/137 123/370/153 124/376/152
f 114/377/136 113/319/132 121/322/135 122/378/148
f 134/379/122 135/380/154 143/381/155 142/382/156
f 95/383/111 97/384/113 132/385/157 131/386/158
f 101/292/117 103/387/121 135/388/154 134/293/122
f 91/389/107 93/390/109 130/391/159 129/392/160
f 97/384/113 99/393/115 133/394/123 132/385/157
f 103/395/121 89/396/104 128/397/161 135/398/154
f 89/396/104 91/399/107 129/400/160 128/397/161
f 93/390/109 95/401/111 131/402/158 130/391/159
f 141/403/162 142/404/156 150/405/163 149/406/164
f 132/407/157 133/408/123 141/409/162 140/410/165
f 130/411/159 131/412/158 139/413/166 138/414/167
f 128/415/161 129/416/160 137/417/168 136/418/169
f 135/419/154 128/415/161 136/418/169 143/420/155
f 133/421/123 134/379/122 142/382/156 141/422/162
f 131/423/158 132/407/157 140/410/165 139/424/166
f 129/425/160 130/411/159 138/414/167 137/426/168
f 150/427/163 151/428/170 1196/429/171 1195/430/172
f 139/431/166 140/432/165 148/433/173 147/434/174
f 137/435/168 138/436/167 146/437/175 145/438/176
f 142/404/156 143/439/155 151/440/170 150/405/163
f 140/432/165 141/441/162 149/442/164 148/433/173
f 138/436/167 139/443/166 147/444/174 146/437/175
f 136/445/169 137/446/168 145/447/176 144/448/177
f 143/449/155 136/445/169 144/448/177 151/450/170
f 175/451/178 153/452/179 177/453/180 183/454/181
f 166/455/182 168/456/183 175/457/178 174/458/184
f 154/459/185 155/460/186 157/461/187 156/462/188
f 173/463/189 174/464/184 182/465/190 181/466/191
f 158/467/192 160/468/193 171/469/194 170/470/195
f 156/471/188 157/472/187 159/473/196 158/474/192
f 171/475/194 172/476/197 180/477/198 179/478/199
f 168/479/183 154/480/185 153/481/179 175/482/178
f 158/474/192 159/473/196 161/483/200 160/484/193
f 153/452/179 152/485/201 176/486/202 177/453/180
f 164/487/203 166/455/182 174/458/184 173/488/189
f 160/489/193 161/490/200 163/491/204 162/492/205
f 172/476/197 173/493/189 181/494/191 180/477/198
f 156/495/188 158/467/192 170/470/195 152/496/201
f 162/492/205 163/491/204 165/497/206 164/498/203
f 176/499/202 178/500/207 186/501/208 184/502/209
f 154/480/185 156/503/188 152/504/201 153/481/179
f 164/505/203 165/506/206 167/507/210 166/508/182
f 155/509/186 169/510/211 199/511/212 192/512/213
f 174/464/184 175/513/178 183/514/181 182/465/190
f 166/508/182 167/507/210 169/515/211 168/516/183
f 170/517/195 171/518/194 179/519/199 178/520/207
f 160/521/193 162/522/205 172/523/197 171/524/194
f 168/525/183 169/526/211 155/460/186 154/459/185
f 162/522/205 164/527/203 173/528/189 172/523/197
f 152/529/201 170/517/195 178/520/207 176/530/202
f 184/531/209 186/532/208 998/533/214 996/534/215
f 179/535/199 180/536/198 188/537/216 187/538/217
f 181/539/191 182/540/190 190/541/218 189/542/219
f 183/543/181 177/544/180 185/545/220 191/546/221
f 177/544/180 176/547/202 184/548/209 185/545/220
f 178/549/207 179/550/199 187/551/217 186/552/208
f 180/536/198 181/553/191 189/554/219 188/537/216
f 182/540/190 183/555/181 191/556/221 190/541/218
f 193/557/222 192/558/213 200/559/223 201/560/224
f 165/561/206 163/562/204 196/563/225 197/564/226
f 159/565/196 157/566/187 193/567/222 194/568/227
f 167/569/210 165/570/206 197/571/226 198/572/228
f 157/573/187 155/509/186 192/512/213 193/574/222
f 161/575/200 159/565/196 194/568/227 195/576/229
f 169/577/211 167/569/210 198/572/228 199/578/212
f 163/562/204 161/579/200 195/580/229 196/563/225
f 207/581/230 206/582/231 214/583/232 215/584/233
f 192/558/213 199/585/212 207/586/230 200/559/223
f 198/587/228 197/588/226 205/589/234 206/590/231
f 196/591/225 195/592/229 203/593/235 204/594/236
f 194/595/227 193/596/222 201/597/224 202/598/237
f 199/599/212 198/587/228 206/590/231 207/600/230
f 197/601/226 196/591/225 204/594/236 205/602/234
f 195/603/229 194/595/227 202/598/237 203/604/235
f 208/605/238 215/606/233 1234/607/239 1227/608/240
f 205/609/234 204/610/236 212/611/241 213/612/242
f 203/613/235 202/614/237 210/615/243 211/616/244
f 201/617/224 200/618/223 208/619/238 209/620/245
f 200/618/223 207/621/230 215/622/233 208/619/238
f 206/582/231 205/623/234 213/624/242 214/583/232
f 204/610/236 203/625/235 211/626/244 212/611/241
f 202/614/237 201/627/224 209/628/245 210/615/243
f 216/629/246 217/630/247 219/631/248 218/632/249
f 218/633/249 219/634/248 221/635/250 220/636/251
f 220/636/251 221/635/250 223/637/252 222/638/253
f 222/639/253 223/640/252 225/641/254 224/642/255
f 224/642/255 225/641/254 227/643/256 226/644/257
f 226/645/257 227/646/256 229/647/258 228/648/259
f 221/649/250 219/650/248 256/651/260 257/652/261
f 228/648/259 229/647/258 231/653/262 230/654/263
f 230/655/263 231/656/262 217/630/247 216/629/246
f 220/657/251 222/658/253 235/659/264 234/660/265
f 237/661/266 238/662/267 246/663/268 245/664/269
f 226/665/257 228/666/259 238/667/267 237/668/266
f 222/669/253 224/670/255 236/671/270 235/672/264
f 228/666/259 230/673/263 239/674/271 238/667/267
f 218/675/249 220/657/251 234/660/265 233/676/272
f 224/670/255 226/677/257 237/678/266 236/671/270
f 230/679/263 216/680/246 232/681/273 239/682/271
f 216/680/246 218/683/249 233/684/272 232/681/273
f 240/685/274 241/686/275 249/687/276 248/688/277
f 235/689/264 236/690/270 244/691/278 243/692/279
f 233/693/272 234/694/265 242/695/280 241/696/275
f 238/662/267 239/697/271 247/698/281 246/663/268
f 236/690/270 237/699/266 245/700/269 244/691/278
f 234/694/265 235/701/264 243/702/279 242/695/280
f 232/703/273 233/704/272 241/705/275 240/706/274
f 239/707/271 232/703/273 240/706/274 247/708/281
f 248/709/277 249/710/276 250/711/282 251/712/283 252/713/284 253/714/285 1060/715/286 254/716/287
f 247/717/281 240/685/274 248/688/277 254/718/287
f 245/719/269 246/720/268 1060/721/286 253/722/285
f 243/723/279 244/724/278 252/725/284 251/726/283
f 241/727/275 242/728/280 250/729/282 249/730/276
f 246/720/268 247/731/281 254/732/287 1060/721/286
f 244/724/278 245/733/269 253/734/285 252/725/284
f 242/728/280 243/735/279 251/736/283 250/729/282
f 257/737/261 256/738/260 264/739/288 265/740/289
f 227/741/256 225/742/254 259/743/290 260/744/291
f 217/745/247 231/746/262 262/747/292 255/748/293
f 219/749/248 217/745/247 255/748/293 256/750/260
f 223/751/252 221/649/250 257/652/261 258/752/294
f 229/753/258 227/754/256 260/755/291 261/756/295
f 225/742/254 223/757/252 258/758/294 259/743/290
f 231/759/262 229/753/258 261/756/295 262/760/292
f 263/761/296 270/762/297 278/763/298 271/764/299
f 262/765/292 261/766/295 269/767/300 270/768/297
f 260/769/291 259/770/290 267/771/301 268/772/302
f 258/773/294 257/737/261 265/740/289 266/774/303
f 256/775/260 255/776/293 263/777/296 264/778/288
f 255/776/293 262/779/292 270/780/297 263/777/296
f 261/766/295 260/781/291 268/782/302 269/767/300
f 259/770/290 258/783/294 266/784/303 267/771/301
f 274/785/304 273/786/305 1261/787/306 1262/788/307
f 269/789/300 268/790/302 276/791/308 277/792/309
f 267/793/301 266/794/303 274/795/304 275/796/310
f 265/797/289 264/798/288 272/799/311 273/800/305
f 270/801/297 269/789/300 277/792/309 278/802/298
f 268/803/302 267/793/301 275/796/310 276/804/308
f 266/805/303 265/797/289 273/800/305 274/806/304
f 264/807/288 263/761/296 271/764/299 272/808/311
f 279/809/312 1625/810/94 1657/811/93 281/812/313
f 281/813/313 1657/814/93 1655/815/88 283/816/314
f 283/816/314 1655/815/88 1653/817/87 285/818/315
f 285/819/315 1653/820/87 1656/821/86 287/822/316
f 287/822/316 1656/821/86 1654/823/85 289/824/317
f 289/825/317 1654/826/85 1649/827/84 290/828/318
f 290/828/318 1649/827/84 1626/829/95 292/830/319
f 292/831/319 1626/832/95 1625/810/94 279/809/312
f 290/833/318 292/834/319 300/835/320 299/836/321
f 299/837/321 300/838/320 308/839/322 307/840/323
f 281/841/313 283/842/314 295/843/324 294/844/325
f 287/845/316 289/846/317 298/847/326 297/848/327
f 292/849/319 279/850/312 293/851/328 300/852/320
f 279/850/312 281/853/313 294/854/325 293/851/328
f 283/842/314 285/855/315 296/856/329 295/843/324
f 289/857/317 290/833/318 299/836/321 298/858/326
f 285/859/315 287/845/316 297/848/327 296/860/329
f 302/861/330 303/862/331 311/863/332 310/864/333
f 297/865/327 298/866/326 306/867/334 305/868/335
f 295/869/324 296/870/329 304/871/336 303/872/331
f 293/873/328 294/874/325 302/875/330 301/876/337
f 300/877/320 293/873/328 301/876/337 308/878/322
f 298/879/326 299/837/321 307/840/323 306/880/334
f 296/881/329 297/865/327 305/868/335 304/882/336
f 294/883/325 295/869/324 303/872/331 302/884/330
f 316/885/338 309/886/339 1623/887/140 1541/888/139
f 307/889/323 308/890/322 316/891/338 315/892/340
f 305/893/335 306/894/334 314/895/341 313/896/342
f 303/862/331 304/897/336 312/898/343 311/863/332
f 301/899/337 302/900/330 310/901/333 309/902/339
f 308/903/322 301/899/337 309/902/339 316/904/338
f 306/905/334 307/889/323 315/892/340 314/906/341
f 304/907/336 305/893/335 313/896/342 312/908/343
f 1698/909/344 1699/910/345 1700/911/346 1490/912/347
f 314/913/341 315/914/340 1537/915/138 1533/916/147
f 312/917/343 313/918/342 1529/919/146 1527/920/145
f 310/921/333 311/922/332 1627/923/142 1535/924/141
f 315/914/340 316/925/338 1541/926/139 1537/915/138
f 313/918/342 314/927/341 1533/928/147 1529/919/146
f 311/922/332 312/929/343 1527/930/145 1627/923/142
f 309/886/339 310/931/333 1535/932/141 1623/887/140
f 323/933/348 324/934/349 326/935/350 325/936/351
f 325/937/351 326/938/350 328/939/352 327/940/353
f 327/940/353 328/939/352 330/941/354 329/942/355
f 329/943/355 330/944/354 332/945/356 331/946/357
f 331/946/357 332/945/356 334/947/358 333/948/359
f 333/949/359 334/950/358 336/951/360 335/952/361
f 330/953/354 328/954/352 389/955/362 390/956/363
f 335/952/361 336/951/360 338/957/364 337/958/365
f 337/959/365 338/960/364 324/934/349 323/933/348
f 335/952/361 337/958/365 346/961/366 345/962/367
f 345/962/367 346/961/366 1690/963/368 1680/964/369 1688/965/370 1689/966/371 1687/967/372 1685/968/373 1665/969/374 354/970/375 353/971/376 1721/972/377 1722/973/378 1728/974/379 1729/975/380 1726/976/381 1739/977/377 1740/978/382 1746/979/379 1747/980/383 1745/981/381
f 325/937/351 327/940/353 341/982/384 340/983/385
f 331/946/357 333/948/359 344/984/386 343/985/387
f 337/959/365 323/933/348 339/986/388 346/987/366
f 323/933/348 325/936/351 340/988/385 339/986/388
f 327/940/353 329/942/355 342/989/389 341/982/384
f 333/949/359 335/952/361 345/962/367 344/990/386
f 329/943/355 331/946/357 343/985/387 342/991/389
f 348/992/390 349/993/391 357/994/392 356/995/393
f 343/985/387 344/984/386 352/996/394 351/997/395 1413/998/396 1412/999/397 1409/1000/398 1416/1001/399 1419/1002/400 1474/1003/401 1411/1004/402
f 341/982/384 342/989/389 350/1005/403 349/1006/391 1628/1007/404 1658/1008/405 282/1009/406 286/1010/407 1640/1011/408 1539/1012/404 291/1013/405 1661/1014/406 1666/1015/407 321/1016/408
f 339/986/388 340/988/385 348/1017/390 347/1018/409 1694/1019/410 1693/1020/411 1697/1021/412 1695/1022/413 1696/1023/414
f 346/987/366 339/986/388 1696/1023/414 1691/1024/415 1683/1025/416 1690/1026/368
f 344/990/386 345/962/367 1745/981/381 1748/1027/417 1744/1028/418 1738/1029/419 1739/977/377 1726/976/381 1730/1030/417 1725/1031/418 1723/1032/419 1721/972/377 353/971/376 352/1033/394
f 342/991/389 343/985/387 1411/1004/402 1420/1034/420 1421/1035/421 1422/1036/422 1414/1037/423 1410/1038/424 1413/998/396 351/997/395 350/1039/403
f 340/983/385 341/982/384 321/1016/408 320/1040/425 1622/1041/426 1633/1042/427 1539/1012/404 1640/1011/408 1645/1043/425 1531/1044/426 280/1045/427 1628/1007/404 349/1006/391 348/1046/390
f 362/1047/428 355/1048/429 363/1049/430 370/1050/431
f 353/1051/376 354/1052/375 362/1053/428 361/1054/432
f 351/1055/395 352/1056/394 360/1057/433 359/1058/434
f 349/993/391 350/1059/403 358/1060/435 357/994/392
f 347/1061/409 348/992/390 356/995/393 355/1062/429
f 354/1052/375 347/1061/409 355/1062/429 362/1053/428
f 352/1056/394 353/1051/376 361/1054/432 360/1057/433
f 350/1059/403 351/1055/395 359/1058/434 358/1060/435
f 365/1063/436 366/1064/437 374/1065/438 373/1066/439
f 360/1067/433 361/1068/432 369/1069/440 368/1070/441
f 358/1071/435 359/1072/434 367/1073/442 366/1074/437
f 356/1075/393 357/1076/392 365/1077/436 364/1078/443
f 361/1068/432 362/1079/428 370/1080/431 369/1069/440
f 359/1072/434 360/1081/433 368/1082/441 367/1073/442
f 357/1076/392 358/1083/435 366/1084/437 365/1077/436
f 355/1048/429 356/1085/393 364/1086/443 363/1049/430
f 377/1087/444 378/1088/445 386/1089/446 385/1090/447
f 363/1091/430 364/1092/443 372/1093/448 371/1094/449
f 370/1095/431 363/1091/430 371/1094/449 378/1096/445
f 368/1097/441 369/1098/440 377/1099/444 376/1100/450
f 366/1064/437 367/1101/442 375/1102/451 374/1065/438
f 364/1092/443 365/1063/436 373/1066/439 372/1093/448
f 369/1098/440 370/1095/431 378/1096/445 377/1099/444
f 367/1101/442 368/1097/441 376/1100/450 375/1102/451
f 379/1103/452 380/1104/453 381/1105/362 382/1106/363 383/1107/454 384/1108/455 385/1109/447 386/1110/446
f 375/1111/451 376/1112/450 384/1113/455 383/1114/454
f 373/1115/439 374/1116/438 382/1117/363 381/1118/362
f 371/1119/449 372/1120/448 380/1121/453 379/1122/452
f 378/1123/445 371/1119/449 379/1122/452 386/1124/446
f 376/1125/450 377/1087/444 385/1090/447 384/1126/455
f 374/1127/438 375/1111/451 383/1114/454 382/1128/363
f 372/1129/448 373/1115/439 381/1118/362 380/1130/453
f 387/1131/452 394/1132/446 402/1133/456 395/1134/457
f 336/1135/360 334/1136/358 392/1137/455 393/1138/447
f 332/1139/356 330/953/354 390/956/363 391/1140/454
f 338/1141/364 336/1135/360 393/1138/447 394/1142/446
f 328/954/352 326/1143/350 388/1144/453 389/955/362
f 334/1136/358 332/1139/356 391/1140/454 392/1137/455
f 324/1145/349 338/1141/364 394/1142/446 387/1146/452
f 326/1143/350 324/1145/349 387/1146/452 388/1144/453
f 396/1147/458 395/1148/457 858/1149/459 854/1150/459 855/1151/459 853/1152/459 857/1153/459 399/1154/460 398/1155/461 397/1156/462
f 393/1157/447 392/1158/455 400/1159/463 401/1160/464
f 391/1161/454 390/1162/363 398/1163/461 399/1164/460
f 389/1165/362 388/1166/453 396/1167/458 397/1168/462
f 394/1169/446 393/1157/447 401/1160/464 402/1170/456
f 392/1171/455 391/1161/454 399/1164/460 400/1172/463
f 390/1173/363 389/1165/362 397/1168/462 398/1174/461
f 388/1175/453 387/1131/452 395/1134/457 396/1176/458
f 403/1177/348 404/1178/349 406/1179/350 405/1180/351
f 405/1181/351 406/1182/350 408/1183/352 407/1184/353
f 407/1184/353 408/1183/352 410/1185/354 409/1186/355
f 409/1187/355 410/1188/354 412/1189/356 411/1190/357
f 411/1190/357 412/1189/356 414/1191/358 413/1192/359
f 413/1193/359 414/1194/358 416/1195/360 415/1196/361
f 410/1197/354 408/1198/352 469/1199/362 470/1200/363
f 415/1196/361 416/1195/360 418/1201/364 417/1202/365
f 417/1203/365 418/1204/364 404/1178/349 403/1177/348
f 415/1196/361 417/1202/365 426/1205/366 425/1206/367
f 425/1206/367 426/1205/366 1226/1207/465 1679/1208/466 1663/1209/467 1659/1210/468 1670/1211/469 1415/1212/470 1221/1213/471 434/1214/375 433/1215/376 1724/1216/377 1727/1217/378 1733/1218/379 1734/1219/380 731/1220/381 1735/1221/377 1736/1222/378 1741/1223/379 1742/1224/380 1737/1225/381
f 405/1181/351 407/1184/353 421/1226/384 420/1227/385
f 411/1190/357 413/1192/359 424/1228/386 423/1229/387
f 417/1203/365 403/1177/348 419/1230/388 426/1231/366
f 403/1177/348 405/1180/351 420/1232/385 419/1230/388
f 407/1184/353 409/1186/355 422/1233/389 421/1226/384
f 413/1193/359 415/1196/361 425/1206/367 424/1234/386
f 409/1187/355 411/1190/357 423/1229/387 422/1235/389
f 428/1236/390 429/1237/391 437/1238/392 436/1239/393
f 423/1229/387 424/1228/386 432/1240/394 431/1241/395
f 421/1226/384 422/1233/389 430/1242/403 429/1243/391 1719/1244/472 1716/1245/473 1717/1246/474 1713/1247/475 1715/1248/476 801/1249/472 774/1250/473 800/1251/474 811/1252/475 758/1253/476
f 419/1230/388 420/1232/385 1672/1254/345 1673/1255/346 318/1256/477 1677/1257/478 1213/1258/479 284/1259/480 317/1260/481 1215/1261/482 1214/1262/483
f 426/1231/366 419/1230/388 1214/1262/483 635/1263/484 1624/1264/485 1226/1265/465
f 424/1234/386 425/1206/367 1737/1225/381 1743/1266/417 773/1267/418 772/1268/419 1735/1221/377 731/1220/381 730/1269/417 1731/1270/418 1732/1271/419 1724/1216/377 433/1215/376 432/1272/394
f 422/1235/389 423/1229/387 431/1241/395 430/1273/403
f 420/1227/385 421/1226/384 758/1253/476 812/1274/486 810/1275/487 760/1276/488 801/1249/472 1715/1248/476 1714/1277/486 1712/1278/487 1718/1279/488 1719/1244/472 429/1243/391 428/1280/390 1667/1281/489 1669/1282/490 1642/1283/491 1676/1284/492 288/1285/493 1671/1286/344 1672/1287/345
f 442/1288/428 435/1289/429 443/1290/430 450/1291/431
f 433/1292/376 434/1293/375 442/1294/428 441/1295/432
f 431/1296/395 432/1297/394 440/1298/433 439/1299/434
f 429/1237/391 430/1300/403 438/1301/435 437/1238/392
f 427/1302/409 428/1236/390 436/1239/393 435/1303/429
f 434/1293/375 427/1302/409 435/1303/429 442/1294/428
f 432/1297/394 433/1292/376 441/1295/432 440/1298/433
f 430/1300/403 431/1296/395 439/1299/434 438/1301/435
f 445/1304/436 446/1305/437 454/1306/438 453/1307/439
f 440/1308/433 441/1309/432 449/1310/440 448/1311/441
f 438/1312/435 439/1313/434 447/1314/442 446/1315/437
f 436/1316/393 437/1317/392 445/1318/436 444/1319/443
f 441/1309/432 442/1320/428 450/1321/431 449/1310/440
f 439/1313/434 440/1322/433 448/1323/441 447/1314/442
f 437/1317/392 438/1324/435 446/1325/437 445/1318/436
f 435/1289/429 436/1326/393 444/1327/443 443/1290/430
f 457/1328/444 458/1329/445 466/1330/446 465/1331/447
f 443/1332/430 444/1333/443 452/1334/448 451/1335/449
f 450/1336/431 443/1332/430 451/1335/449 458/1337/445
f 448/1338/441 449/1339/440 457/1340/444 456/1341/450
f 446/1305/437 447/1342/442 455/1343/451 454/1306/438
f 444/1333/443 445/1304/436 453/1307/439 452/1334/448
f 449/1339/440 450/1336/431 458/1337/445 457/1340/444
f 447/1342/442 448/1338/441 456/1341/450 455/1343/451
f 459/1344/452 460/1345/453 461/1346/362 462/1347/363 463/1348/454 464/1349/455 465/1350/447 466/1351/446
f 455/1352/451 456/1353/450 464/1354/455 463/1355/454
f 453/1356/439 454/1357/438 462/1358/363 461/1359/362
f 451/1360/449 452/1361/448 460/1362/453 459/1363/452
f 458/1364/445 451/1360/449 459/1363/452 466/1365/446
f 456/1366/450 457/1328/444 465/1331/447 464/1367/455
f 454/1368/438 455/1352/451 463/1355/454 462/1369/363
f 452/1370/448 453/1356/439 461/1359/362 460/1371/453
f 467/1372/452 474/1373/446 482/1374/456 475/1375/457
f 416/1376/360 414/1377/358 472/1378/455 473/1379/447
f 412/1380/356 410/1197/354 470/1200/363 471/1381/454
f 418/1382/364 416/1376/360 473/1379/447 474/1383/446
f 408/1198/352 406/1384/350 468/1385/453 469/1199/362
f 414/1377/358 412/1380/356 471/1381/454 472/1378/455
f 404/1386/349 418/1382/364 474/1383/446 467/1387/452
f 406/1384/350 404/1386/349 467/1387/452 468/1385/453
f 476/1388/458 475/1389/457 864/1390/459 860/1391/459 861/1392/459 859/1393/459 863/1394/459 479/1395/460 478/1396/461 477/1397/462
f 473/1398/447 472/1399/455 480/1400/463 481/1401/464
f 471/1402/454 470/1403/363 478/1404/461 479/1405/460
f 469/1406/362 468/1407/453 476/1408/458 477/1409/462
f 474/1410/446 473/1398/447 481/1401/464 482/1411/456
f 472/1412/455 471/1402/454 479/1405/460 480/1413/463
f 470/1414/363 469/1406/362 477/1409/462 478/1415/461
f 468/1416/453 467/1372/452 475/1375/457 476/1417/458
f 483/1418/348 484/1419/349 486/1420/350 485/1421/351
f 485/1422/351 486/1423/350 488/1424/352 487/1425/353
f 487/1425/353 488/1424/352 490/1426/354 489/1427/355
f 489/1428/355 490/1429/354 492/1430/356 491/1431/357
f 491/1431/357 492/1430/356 494/1432/358 493/1433/359
f 493/1434/359 494/1435/358 496/1436/360 495/1437/361
f 490/1438/354 488/1439/352 549/1440/362 550/1441/363
f 495/1437/361 496/1436/360 498/1442/364 497/1443/365
f 497/1444/365 498/1445/364 484/1419/349 483/1418/348
f 495/1437/361 497/1443/365 506/1446/366 505/1447/367
f 505/1447/367 506/1446/366 514/1448/375 513/1449/376
f 485/1422/351 487/1425/353 501/1450/384 500/1451/385
f 491/1431/357 493/1433/359 504/1452/386 503/1453/387
f 497/1444/365 483/1418/348 499/1454/388 506/1455/366
f 483/1418/348 485/1421/351 500/1456/385 499/1454/388
f 487/1425/353 489/1427/355 502/1457/389 501/1450/384
f 493/1434/359 495/1437/361 505/1447/367 504/1458/386
f 489/1428/355 491/1431/357 503/1453/387 502/1459/389
f 508/1460/390 509/1461/391 517/1462/392 516/1463/393
f 503/1453/387 504/1452/386 512/1464/394 511/1465/395 319/1466/494 1470/1467/495 1472/1468/496 1468/1469/497 1469/1470/498 1480/1471/499 1482/1472/500 1481/1473/501 1479/1474/502 1476/1475/503
f 501/1450/384 502/1457/389 510/1476/403 509/1477/391 718/1478/472 714/1479/473 715/1480/474 717/1481/475 716/1482/476 756/1483/472 771/1484/473 761/1485/474 775/1486/475 1720/1487/476
f 499/1454/388 500/1456/385 1699/1488/345 1700/1489/346 1686/1490/477 1225/1491/478
f 506/1455/366 499/1454/388 1225/1491/478 1651/1492/504 1417/1493/505 1418/1494/506 1684/1495/507 1702/1496/508 1703/1497/509 1292/1498/510 1295/1499/511 1294/1500/512 1296/1501/513 1293/1502/514 507/1503/409 514/1504/375
f 504/1458/386 505/1447/367 513/1449/376 512/1505/394
f 502/1459/389 503/1453/387 1476/1475/503 1477/1506/515 322/1507/516 1463/1508/517 1465/1509/518 1471/1510/519 1467/1511/520 1475/1512/521 1480/1471/499 1469/1470/498 1464/1513/522 1466/1514/523 1523/1515/524 1524/1516/525 1473/1517/526 1525/1518/527 1478/1519/528 319/1466/494 511/1465/395 510/1520/403
f 500/1451/385 501/1450/384 1720/1487/476 757/1521/486 762/1522/487 759/1523/488 756/1483/472 716/1482/476 729/1524/486 728/1525/487 719/1526/488 718/1478/472 509/1477/391 508/1527/390 1223/1528/489 1224/1529/490 1220/1530/491 1662/1531/492 1674/1532/493 1698/1533/344 1699/1534/345
f 522/1535/428 515/1536/429 523/1537/430 530/1538/431
f 513/1539/376 514/1540/375 522/1541/428 521/1542/432
f 511/1543/395 512/1544/394 520/1545/433 519/1546/434
f 509/1461/391 510/1547/403 518/1548/435 517/1462/392
f 507/1549/409 508/1460/390 516/1463/393 515/1550/429
f 514/1540/375 507/1549/409 515/1550/429 522/1541/428
f 512/1544/394 513/1539/376 521/1542/432 520/1545/433
f 510/1547/403 511/1543/395 519/1546/434 518/1548/435
f 525/1551/436 526/1552/437 534/1553/438 533/1554/439
f 520/1555/433 521/1556/432 529/1557/440 528/1558/441
f 518/1559/435 519/1560/434 527/1561/442 526/1562/437
f 516/1563/393 517/1564/392 525/1565/436 524/1566/443
f 521/1556/432 522/1567/428 530/1568/431 529/1557/440
f 519/1560/434 520/1569/433 528/1570/441 527/1561/442
f 517/1564/392 518/1571/435 526/1572/437 525/1565/436
f 515/1536/429 516/1573/393 524/1574/443 523/1537/430
f 537/1575/444 538/1576/445 546/1577/446 545/1578/447
f 523/1579/430 524/1580/443 532/1581/448 531/1582/449
f 530/1583/431 523/1579/430 531/1582/449 538/1584/445
f 528/1585/441 529/1586/440 537/1587/444 536/1588/450
f 526/1552/437 527/1589/442 535/1590/451 534/1553/438
f 524/1580/443 525/1551/436 533/1554/439 532/1581/448
f 529/1586/440 530/1583/431 538/1584/445 537/1587/444
f 527/1589/442 528/1585/441 536/1588/450 535/1590/451
f 539/1591/452 540/1592/453 541/1593/362 542/1594/363 543/1595/454 544/1596/455 545/1597/447 546/1598/446
f 535/1599/451 536/1600/450 544/1601/455 543/1602/454
f 533/1603/439 534/1604/438 542/1605/363 541/1606/362
f 531/1607/449 532/1608/448 540/1609/453 539/1610/452
f 538/1611/445 531/1607/449 539/1610/452 546/1612/446
f 536/1613/450 537/1575/444 545/1578/447 544/1614/455
f 534/1615/438 535/1599/451 543/1602/454 542/1616/363
f 532/1617/448 533/1603/439 541/1606/362 540/1618/453
f 547/1619/452 554/1620/446 562/1621/456 555/1622/457
f 496/1623/360 494/1624/358 552/1625/455 553/1626/447
f 492/1627/356 490/1438/354 550/1441/363 551/1628/454
f 498/1629/364 496/1623/360 553/1626/447 554/1630/446
f 488/1439/352 486/1631/350 548/1632/453 549/1440/362
f 494/1624/358 492/1627/356 551/1628/454 552/1625/455
f 484/1633/349 498/1629/364 554/1630/446 547/1634/452
f 486/1631/350 484/1633/349 547/1634/452 548/1632/453
f 556/1635/458 555/1636/457 1284/1637/459 1289/1638/459 1704/1639/459 1705/1640/459 1285/1641/459 559/1642/460 558/1643/461 557/1644/462
f 553/1645/447 552/1646/455 560/1647/463 561/1648/464
f 551/1649/454 550/1650/363 558/1651/461 559/1652/460
f 549/1653/362 548/1654/453 556/1655/458 557/1656/462
f 554/1657/446 553/1645/447 561/1648/464 562/1658/456
f 552/1659/455 551/1649/454 559/1652/460 560/1660/463
f 550/1661/363 549/1653/362 557/1656/462 558/1662/461
f 548/1663/453 547/1619/452 555/1622/457 556/1664/458
f 583/1665/529 584/1666/530 1666/1667/407 1661/1668/406
f 575/1669/531 577/1670/532 585/1671/533 584/1672/530
f 565/1673/534 566/1674/535 568/1675/536 567/1676/537
f 564/1677/538 563/1678/539 1633/1679/427 1622/1680/426
f 567/1681/537 569/1682/540 581/1683/541 563/1684/539
f 567/1685/537 568/1686/536 570/1687/542 569/1688/540
f 563/1689/539 581/1690/541 1539/1691/404 1633/1692/427
f 565/1693/534 567/1694/537 563/1695/539 564/1696/538
f 569/1688/540 570/1687/542 572/1697/543 571/1698/544
f 584/1699/530 585/1700/533 321/1701/408 1666/1702/407
f 573/1703/545 575/1704/531 584/1705/530 583/1706/529
f 571/1707/544 572/1708/543 574/1709/546 573/1710/545
f 586/1711/547 564/1677/538 1622/1680/426 320/1712/425
f 571/1713/544 573/1703/545 583/1706/529 582/1714/548
f 573/1710/545 574/1709/546 576/1715/549 575/1716/531
f 577/1670/532 579/1717/550 586/1718/547 585/1671/533
f 575/1719/531 576/1720/549 578/1721/551 577/1722/532
f 580/1723/552 578/1724/551 593/1725/553 594/1726/554
f 581/1690/541 582/1727/548 291/1728/405 1539/1691/404
f 577/1722/532 578/1721/551 580/1729/552 579/1730/550
f 585/1700/533 586/1731/547 320/1732/425 321/1701/408
f 579/1733/550 565/1693/534 564/1696/538 586/1734/547
f 579/1735/550 580/1736/552 566/1674/535 565/1673/534
f 569/1682/540 571/1737/544 582/1738/548 581/1683/541
f 582/1739/548 583/1665/529 1661/1668/406 291/1740/405
f 590/1741/555 589/1742/556 597/1743/557 598/1744/558
f 574/1745/546 572/1746/543 590/1747/555 591/1748/559
f 566/1749/535 580/1750/552 594/1751/554 587/1752/560
f 576/1753/549 574/1754/546 591/1755/559 592/1756/561
f 570/1757/542 568/1758/536 588/1759/562 589/1760/556
f 578/1761/551 576/1762/549 592/1763/561 593/1764/553
f 568/1758/536 566/1765/535 587/1766/560 588/1759/562
f 572/1767/543 570/1757/542 589/1760/556 590/1768/555
f 602/1769/563 601/1770/564 609/1771/565 610/1772/566
f 588/1773/562 587/1774/560 595/1775/567 596/1776/568
f 587/1774/560 594/1777/554 602/1778/563 595/1775/567
f 593/1779/553 592/1780/561 600/1781/569 601/1782/564
f 591/1783/559 590/1784/555 598/1785/558 599/1786/570
f 589/1742/556 588/1787/562 596/1788/568 597/1743/557
f 594/1789/554 593/1779/553 601/1782/564 602/1790/563
f 592/1791/561 591/1783/559 599/1786/570 600/1792/569
f 604/1793/571 603/1794/572 930/1795/573 931/1796/574
f 600/1797/569 599/1798/570 607/1799/575 608/1800/576
f 598/1801/558 597/1802/557 605/1803/577 606/1804/578
f 596/1805/568 595/1806/567 603/1807/572 604/1808/571
f 595/1806/567 602/1809/563 610/1810/566 603/1807/572
f 601/1770/564 600/1811/569 608/1812/576 609/1771/565
f 599/1798/570 598/1813/558 606/1814/578 607/1799/575
f 597/1802/557 596/1815/568 604/1816/571 605/1803/577
f 631/1817/529 632/1818/530 286/1819/407 282/1820/406
f 623/1821/531 625/1822/532 633/1823/533 632/1824/530
f 613/1825/534 614/1826/535 616/1827/536 615/1828/537
f 612/1829/538 611/1830/539 280/1831/427 1531/1832/426
f 615/1833/537 617/1834/540 629/1835/541 611/1836/539
f 615/1837/537 616/1838/536 618/1839/542 617/1840/540
f 611/1841/539 629/1842/541 1628/1843/404 280/1844/427
f 613/1845/534 615/1846/537 611/1847/539 612/1848/538
f 617/1840/540 618/1839/542 620/1849/543 619/1850/544
f 632/1851/530 633/1852/533 1640/1853/408 286/1854/407
f 621/1855/545 623/1856/531 632/1857/530 631/1858/529
f 619/1859/544 620/1860/543 622/1861/546 621/1862/545
f 634/1863/547 612/1829/538 1531/1832/426 1645/1864/425
f 619/1865/544 621/1855/545 631/1858/529 630/1866/548
f 621/1862/545 622/1861/546 624/1867/549 623/1868/531
f 625/1822/532 627/1869/550 634/1870/547 633/1823/533
f 623/1871/531 624/1872/549 626/1873/551 625/1874/532
f 628/1875/552 626/1876/551 642/1877/553 643/1878/554
f 629/1842/541 630/1879/548 1658/1880/405 1628/1843/404
f 625/1874/532 626/1873/551 628/1881/552 627/1882/550
f 633/1852/533 634/1883/547 1645/1884/425 1640/1853/408
f 627/1885/550 613/1845/534 612/1848/538 634/1886/547
f 627/1887/550 628/1888/552 614/1826/535 613/1825/534
f 617/1834/540 619/1889/544 630/1890/548 629/1835/541
f 630/1891/548 631/1817/529 282/1820/406 1658/1892/405
f 639/1893/555 638/1894/556 646/1895/557 647/1896/558
f 622/1897/546 620/1898/543 639/1899/555 640/1900/559
f 614/1901/535 628/1902/552 643/1903/554 636/1904/560
f 624/1905/549 622/1906/546 640/1907/559 641/1908/561
f 618/1909/542 616/1910/536 637/1911/562 638/1912/556
f 626/1913/551 624/1914/549 641/1915/561 642/1916/553
f 616/1910/536 614/1917/535 636/1918/560 637/1911/562
f 620/1919/543 618/1909/542 638/1912/556 639/1920/555
f 651/1921/563 650/1922/564 656/1923/579 657/1924/580
f 637/1925/562 636/1926/560 644/1927/567 645/1928/568
f 636/1926/560 643/1929/554 651/1930/563 644/1927/567
f 642/1931/553 641/1932/561 649/1933/569 650/1934/564
f 640/1935/559 639/1936/555 647/1937/558 648/1938/570
f 638/1894/556 637/1939/562 645/1940/568 646/1895/557
f 643/1941/554 642/1931/553 650/1934/564 651/1942/563
f 641/1943/561 640/1935/559 648/1938/570 649/1944/569
f 652/1945/581 994/1946/582 657/1947/580 656/1948/579 655/1949/583 995/1950/584 654/1951/585 653/1952/586
f 649/1953/569 648/1954/570 995/1955/584 655/1956/583
f 647/1957/558 646/1958/557 653/1959/586 654/1960/585
f 645/1961/568 644/1962/567 994/1963/582 652/1964/581
f 644/1962/567 651/1965/563 657/1966/580 994/1963/582
f 650/1922/564 649/1967/569 655/1968/583 656/1923/579
f 648/1954/570 647/1969/558 654/1970/585 995/1955/584
f 646/1958/557 645/1971/568 652/1972/581 653/1959/586
f 681/1973/587 659/1974/588 810/1975/487 812/1976/486
f 672/1977/589 674/1978/590 681/1979/587 680/1980/591
f 660/1981/592 661/1982/593 663/1983/594 662/1984/595
f 679/1985/596 680/1986/591 758/1987/476 811/1988/475
f 664/1989/597 666/1990/598 677/1991/599 676/1992/600
f 662/1993/595 663/1994/594 665/1995/601 664/1996/597
f 677/1997/599 678/1998/602 800/1999/474 774/2000/473
f 674/1978/590 660/2001/592 659/2002/588 681/1979/587
f 664/1996/597 665/1995/601 667/2003/603 666/2004/598
f 659/1974/588 658/2005/604 760/2006/488 810/1975/487
f 670/2007/605 672/1977/589 680/1980/591 679/2008/596
f 666/2009/598 667/2010/603 669/2011/606 668/2012/607
f 678/1998/602 679/2013/596 811/2014/475 800/1999/474
f 662/2015/595 664/1989/597 676/1992/600 658/2016/604
f 668/2012/607 669/2011/606 671/2017/608 670/2018/605
f 660/2001/592 662/2015/595 658/2016/604 659/2002/588
f 670/2019/605 671/2020/608 673/2021/609 672/2022/589
f 671/2023/608 669/2024/606 686/2025/610 687/2026/611
f 680/1986/591 681/2027/587 812/2028/486 758/1987/476
f 672/2022/589 673/2021/609 675/2029/612 674/2030/590
f 676/2031/600 677/2032/599 774/2033/473 801/2034/472
f 666/1990/598 668/2035/607 678/2036/602 677/1991/599
f 674/2037/590 675/2038/612 661/1982/593 660/1981/592
f 668/2035/607 670/2007/605 679/2008/596 678/2036/602
f 658/2039/604 676/2031/600 801/2034/472 760/2040/488
f 686/2041/610 685/2042/613 1738/2043/419 1744/2044/418
f 665/2045/601 663/2046/594 683/2047/614 684/2048/615
f 673/2049/609 671/2023/608 687/2026/611 688/2050/616
f 663/2046/594 661/2051/593 682/2052/617 683/2047/614
f 667/2053/603 665/2045/601 684/2048/615 685/2054/613
f 675/2055/612 673/2049/609 688/2050/616 689/2056/618
f 669/2024/606 667/2053/603 685/2054/613 686/2025/610
f 661/2051/593 675/2055/612 689/2056/618 682/2052/617
f 684/2057/615 683/2058/614 1740/2059/382 1739/2060/377
f 689/2061/618 688/2062/616 1745/2063/381 1747/2064/383
f 687/2065/611 686/2041/610 1744/2044/418 1748/2066/417
f 685/2067/613 684/2057/615 1739/2060/377 1738/2068/419
f 683/2069/614 682/2070/617 1746/2071/379 1740/2072/382
f 682/2070/617 689/2073/618 1747/2074/383 1746/2071/379
f 688/2062/616 687/2075/611 1748/2076/417 1745/2063/381
f 713/2077/587 691/2078/588 1712/2079/487 1714/2080/486
f 704/2081/589 706/2082/590 713/2083/587 712/2084/591
f 692/2085/592 693/2086/593 695/2087/594 694/2088/595
f 711/2089/596 712/2090/591 1715/2091/476 1713/2092/475
f 696/2093/597 698/2094/598 709/2095/599 708/2096/600
f 694/2097/595 695/2098/594 697/2099/601 696/2100/597
f 709/2101/599 710/2102/602 1717/2103/474 1716/2104/473
f 706/2082/590 692/2105/592 691/2106/588 713/2083/587
f 696/2100/597 697/2099/601 699/2107/603 698/2108/598
f 691/2078/588 690/2109/604 1718/2110/488 1712/2079/487
f 702/2111/605 704/2081/589 712/2084/591 711/2112/596
f 698/2113/598 699/2114/603 701/2115/606 700/2116/607
f 710/2102/602 711/2117/596 1713/2118/475 1717/2103/474
f 694/2119/595 696/2093/597 708/2096/600 690/2120/604
f 700/2116/607 701/2115/606 703/2121/608 702/2122/605
f 718/2123/472 719/2124/488 728/2125/487 729/2126/486 716/2127/476
f 692/2105/592 694/2119/595 690/2120/604 691/2106/588
f 702/2128/605 703/2129/608 705/2130/609 704/2131/589
f 703/2132/608 701/2133/606 724/2134/610 725/2135/611
f 712/2090/591 713/2136/587 1714/2137/486 1715/2091/476
f 704/2131/589 705/2130/609 707/2138/612 706/2139/590
f 708/2140/600 709/2141/599 1716/2142/473 1719/2143/472
f 698/2094/598 700/2144/607 710/2145/602 709/2095/599
f 706/2146/590 707/2147/612 693/2086/593 692/2085/592
f 700/2144/607 702/2111/605 711/2112/596 710/2145/602
f 690/2148/604 708/2140/600 1719/2143/472 1718/2149/488
f 724/2150/610 723/2151/613 1723/2152/419 1725/2153/418
f 697/2154/601 695/2155/594 721/2156/614 722/2157/615
f 705/2158/609 703/2132/608 725/2135/611 726/2159/616
f 695/2155/594 693/2160/593 720/2161/617 721/2156/614
f 699/2162/603 697/2154/601 722/2157/615 723/2163/613
f 707/2164/612 705/2158/609 726/2159/616 727/2165/618
f 701/2133/606 699/2162/603 723/2163/613 724/2134/610
f 693/2160/593 707/2164/612 727/2165/618 720/2161/617
f 801/2166/472 760/2167/488 810/2168/487 812/2169/486 758/2170/476
f 722/2171/615 721/2172/614 1722/2173/378 1721/2174/377
f 727/2175/618 726/2176/616 1726/2177/381 1729/2178/380
f 725/2179/611 724/2150/610 1725/2153/418 1730/2180/417
f 723/2181/613 722/2171/615 1721/2174/377 1723/2182/419
f 721/2183/614 720/2184/617 1728/2185/379 1722/2186/378
f 720/2184/617 727/2187/618 1729/2188/380 1728/2185/379
f 726/2176/616 725/2189/611 1730/2190/417 1726/2177/381
f 755/2191/587 733/2192/588 728/2193/487 729/2194/486
f 746/2195/589 748/2196/590 755/2197/587 754/2198/591
f 734/2199/592 735/2200/593 737/2201/594 736/2202/595
f 753/2203/596 754/2204/591 716/2205/476 717/2206/475
f 738/2207/597 740/2208/598 751/2209/599 750/2210/600
f 736/2211/595 737/2212/594 739/2213/601 738/2214/597
f 751/2215/599 752/2216/602 715/2217/474 714/2218/473
f 748/2196/590 734/2219/592 733/2220/588 755/2197/587
f 738/2214/597 739/2213/601 741/2221/603 740/2222/598
f 733/2192/588 732/2223/604 719/2224/488 728/2193/487
f 744/2225/605 746/2195/589 754/2198/591 753/2226/596
f 740/2227/598 741/2228/603 743/2229/606 742/2230/607
f 752/2216/602 753/2231/596 717/2232/475 715/2217/474
f 736/2233/595 738/2207/597 750/2210/600 732/2234/604
f 742/2230/607 743/2229/606 745/2235/608 744/2236/605
f 756/2237/472 759/2238/488 762/2239/487 757/2240/486 1720/2241/476
f 734/2219/592 736/2233/595 732/2234/604 733/2220/588
f 744/2242/605 745/2243/608 747/2244/609 746/2245/589
f 745/2246/608 743/2247/606 767/2248/610 768/2249/611
f 754/2204/591 755/2250/587 729/2251/486 716/2205/476
f 746/2245/589 747/2244/609 749/2252/612 748/2253/590
f 750/2254/600 751/2255/599 714/2256/473 718/2257/472
f 740/2208/598 742/2258/607 752/2259/602 751/2209/599
f 748/2260/590 749/2261/612 735/2200/593 734/2199/592
f 742/2258/607 744/2225/605 753/2226/596 752/2259/602
f 732/2262/604 750/2254/600 718/2257/472 719/2263/488
f 767/2264/610 766/2265/613 1732/2266/419 1731/2267/418
f 739/2268/601 737/2269/594 764/2270/614 765/2271/615
f 747/2272/609 745/2246/608 768/2249/611 769/2273/616
f 737/2269/594 735/2274/593 763/2275/617 764/2270/614
f 741/2276/603 739/2268/601 765/2271/615 766/2277/613
f 749/2278/612 747/2272/609 769/2273/616 770/2279/618
f 743/2247/606 741/2276/603 766/2277/613 767/2248/610
f 735/2274/593 749/2278/612 770/2279/618 763/2275/617
f 765/2280/615 764/2281/614 1727/2282/378 1724/2283/377
f 770/2284/618 769/2285/616 731/2286/381 1734/2287/380
f 768/2288/611 767/2264/610 1731/2267/418 730/2289/417
f 766/2290/613 765/2280/615 1724/2283/377 1732/2291/419
f 764/2292/614 763/2293/617 1733/2294/379 1727/2295/378
f 763/2293/617 770/2296/618 1734/2297/380 1733/2294/379
f 769/2285/616 768/2298/611 730/2299/417 731/2286/381
f 799/2300/587 777/2301/588 762/2302/487 757/2303/486
f 790/2304/589 792/2305/590 799/2306/587 798/2307/591
f 778/2308/592 779/2309/593 781/2310/594 780/2311/595
f 797/2312/596 798/2313/591 1720/2314/476 775/2315/475
f 782/2316/597 784/2317/598 795/2318/599 794/2319/600
f 780/2320/595 781/2321/594 783/2322/601 782/2323/597
f 795/2324/599 796/2325/602 761/2326/474 771/2327/473
f 792/2305/590 778/2328/592 777/2329/588 799/2306/587
f 782/2323/597 783/2322/601 785/2330/603 784/2331/598
f 777/2301/588 776/2332/604 759/2333/488 762/2302/487
f 788/2334/605 790/2304/589 798/2307/591 797/2335/596
f 784/2336/598 785/2337/603 787/2338/606 786/2339/607
f 796/2325/602 797/2340/596 775/2341/475 761/2326/474
f 780/2342/595 782/2316/597 794/2319/600 776/2343/604
f 786/2339/607 787/2338/606 789/2344/608 788/2345/605
f 778/2328/592 780/2342/595 776/2343/604 777/2329/588
f 788/2346/605 789/2347/608 791/2348/609 790/2349/589
f 789/2350/608 787/2351/606 806/2352/610 807/2353/611
f 798/2313/591 799/2354/587 757/2355/486 1720/2314/476
f 790/2349/589 791/2348/609 793/2356/612 792/2357/590
f 794/2358/600 795/2359/599 771/2360/473 756/2361/472
f 784/2317/598 786/2362/607 796/2363/602 795/2318/599
f 792/2364/590 793/2365/612 779/2309/593 778/2308/592
f 786/2362/607 788/2334/605 797/2335/596 796/2363/602
f 776/2366/604 794/2358/600 756/2361/472 759/2367/488
f 806/2368/610 805/2369/613 772/2370/419 773/2371/418
f 783/2372/601 781/2373/594 803/2374/614 804/2375/615
f 791/2376/609 789/2350/608 807/2353/611 808/2377/616
f 781/2373/594 779/2378/593 802/2379/617 803/2374/614
f 785/2380/603 783/2372/601 804/2375/615 805/2381/613
f 793/2382/612 791/2376/609 808/2377/616 809/2383/618
f 787/2351/606 785/2380/603 805/2381/613 806/2352/610
f 779/2378/593 793/2382/612 809/2383/618 802/2379/617
f 804/2384/615 803/2385/614 1736/2386/378 1735/2387/377
f 809/2388/618 808/2389/616 1737/2390/381 1742/2391/380
f 807/2392/611 806/2368/610 773/2371/418 1743/2393/417
f 805/2394/613 804/2384/615 1735/2387/377 772/2395/419
f 803/2396/614 802/2397/617 1741/2398/379 1736/2399/378
f 802/2397/617 809/2400/618 1742/2401/380 1741/2398/379
f 808/2389/616 807/2402/611 1743/2403/417 1737/2390/381
f 813/2404/619 814/2405/620 816/2406/621 815/2407/622
f 815/2408/622 816/2409/621 818/2410/623 817/2411/624
f 817/2411/624 818/2410/623 820/2412/625 819/2413/626
f 819/2414/626 820/2415/625 822/2416/627 821/2417/628
f 821/2417/628 822/2416/627 824/2418/629 823/2419/630
f 823/2420/630 824/2421/629 826/2422/631 825/2423/632
f 828/2424/633 826/2425/631 835/2426/634 836/2427/635
f 825/2423/632 826/2422/631 828/2428/633 827/2429/636
f 827/2430/636 828/2431/633 814/2405/620 813/2404/619
f 815/2408/622 817/2411/624 1063/2432/637 1062/2433/638
f 829/2434/639 836/2435/635 844/2436/640 837/2437/641
f 816/2438/621 814/2439/620 829/2440/639 830/2441/642
f 824/2442/629 822/2443/627 833/2444/643 834/2445/644
f 814/2439/620 828/2446/633 836/2447/635 829/2440/639
f 820/2448/625 818/2449/623 831/2450/645 832/2451/646
f 826/2425/631 824/2452/629 834/2453/644 835/2426/634
f 818/2449/623 816/2454/621 830/2455/642 831/2450/645
f 822/2443/627 820/2456/625 832/2457/646 833/2444/643
f 840/2458/647 839/2459/648 847/2460/649 848/2461/650
f 835/2462/634 834/2463/644 842/2464/651 843/2465/652
f 833/2466/643 832/2467/646 840/2468/647 841/2469/653
f 831/2470/645 830/2471/642 838/2472/654 839/2473/648
f 836/2474/635 835/2462/634 843/2465/652 844/2475/640
f 834/2476/644 833/2466/643 841/2469/653 842/2477/651
f 832/2478/646 831/2470/645 839/2473/648 840/2479/647
f 830/2480/642 829/2434/639 837/2437/641 838/2481/654
f 845/2482/655 852/2483/656 1304/2484/657 1297/2485/658
f 838/2486/654 837/2487/641 845/2488/655 846/2489/659
f 837/2487/641 844/2490/640 852/2491/656 845/2488/655
f 843/2492/652 842/2493/651 850/2494/660 851/2495/661
f 841/2496/653 840/2497/647 848/2498/650 849/2499/662
f 839/2459/648 838/2500/654 846/2501/659 847/2460/649
f 844/2502/640 843/2492/652 851/2495/661 852/2503/656
f 842/2504/651 841/2496/653 849/2499/662 850/2505/660
f 479/1395/460 863/1394/459 862/2506/459 1708/2507/459 1709/2508/459 864/1390/459 475/1389/457 482/2509/456 481/2510/464 480/2511/463
f 399/1154/460 857/1153/459 856/2512/459 1710/2513/459 1711/2514/459 858/1149/459 395/1148/457 402/2515/456 401/2516/464 400/2517/463
f 871/2518/663 870/2519/99 878/2520/664 879/2521/665
f 84/2522/101 83/2523/100 867/2524/666 868/2525/667
f 82/2526/103 81/2527/102 865/2528/668 866/2529/669
f 81/2527/102 88/2530/83 872/2531/670 865/2528/668
f 87/2532/82 86/2533/96 870/2519/99 871/2518/663
f 85/240/97 84/2534/101 868/2535/667 869/241/98
f 83/2523/100 82/2536/103 866/2537/669 867/2524/666
f 88/2538/83 87/2532/82 871/2518/663 872/2539/670
f 874/2540/671 873/2541/672 881/2542/673 882/2543/674
f 869/241/98 868/2535/667 876/2544/675 877/2545/676
f 867/2524/666 866/2537/669 874/2546/671 875/2547/677
f 872/2539/670 871/2518/663 879/2521/665 880/2548/678
f 870/242/99 869/241/98 877/2545/676 878/2549/664
f 868/2525/667 867/2524/666 875/2547/677 876/2550/675
f 866/2529/669 865/2528/668 873/2541/672 874/2540/671
f 865/2528/668 872/2531/670 880/2551/678 873/2541/672
f 888/2552/679 887/2553/680 895/2554/681 896/2555/682
f 873/2541/672 880/2551/678 888/2556/679 881/2542/673
f 879/2557/665 878/2558/664 886/2559/683 887/2553/680
f 877/2545/676 876/2544/675 884/2560/684 885/2561/685
f 875/2562/677 874/2563/671 882/2564/674 883/2565/686
f 880/2566/678 879/2557/665 887/2553/680 888/2552/679
f 878/2549/664 877/2545/676 885/2561/685 886/2567/683
f 876/2568/675 875/2562/677 883/2565/686 884/2569/684
f 891/2570/687 890/2571/688 898/2572/689 899/2573/690
f 886/2567/683 885/2561/685 893/2574/691 894/2575/692
f 884/2569/684 883/2565/686 891/2570/687 892/2576/693
f 882/2543/674 881/2542/673 889/2577/694 890/2578/688
f 881/2542/673 888/2556/679 896/2579/682 889/2577/694
f 887/2553/680 886/2559/683 894/2580/692 895/2554/681
f 885/2561/685 884/2560/684 892/2581/693 893/2574/691
f 883/2565/686 882/2564/674 890/2571/688 891/2570/687
f 897/2582/695 904/2583/696 912/2584/697 905/2585/698
f 896/2555/682 895/2554/681 903/2586/699 904/2587/696
f 894/2575/692 893/2574/691 901/2588/700 902/2589/701
f 892/2576/693 891/2570/687 899/2573/690 900/2590/702
f 890/2578/688 889/2577/694 897/2582/695 898/2591/689
f 889/2577/694 896/2579/682 904/2583/696 897/2582/695
f 895/2554/681 894/2580/692 902/2592/701 903/2586/699
f 893/2574/691 892/2581/693 900/2593/702 901/2588/700
f 908/2594/703 907/2595/704 915/2596/705 916/2597/706
f 903/2586/699 902/2592/701 910/2598/707 911/2599/708
f 901/2588/700 900/2593/702 908/2600/703 909/2601/709
f 899/2573/690 898/2572/689 906/2602/710 907/2603/704
f 904/2587/696 903/2586/699 911/2599/708 912/2604/697
f 902/2589/701 901/2588/700 909/2601/709 910/2605/707
f 900/2590/702 899/2573/690 907/2603/704 908/2606/703
f 898/2591/689 897/2582/695 905/2585/698 906/2607/710
f 920/2608/711 919/2609/712 927/2610/713 928/2611/714
f 906/2607/710 905/2585/698 913/2612/715 914/2613/716
f 905/2585/698 912/2584/697 920/2614/711 913/2612/715
f 911/2599/708 910/2598/707 918/2615/717 919/2616/712
f 909/2601/709 908/2600/703 916/2617/706 917/2618/718
f 907/2603/704 906/2602/710 914/2619/716 915/2620/705
f 912/2621/697 911/2622/708 919/2609/712 920/2608/711
f 910/2605/707 909/2601/709 917/2618/718 918/2623/717
f 925/2624/719 924/2625/720 125/2626/150 929/2627/151
f 918/2623/717 917/2618/718 925/2624/719 926/2628/721
f 916/2597/706 915/2596/705 923/2629/722 924/2630/720
f 914/2613/716 913/2612/715 921/2631/723 922/2632/724
f 913/2612/715 920/2614/711 928/2633/714 921/2631/723
f 919/2609/712 918/2634/717 926/2635/721 927/2610/713
f 917/2618/718 916/2617/706 924/2625/720 925/2624/719
f 915/2596/705 914/2636/716 922/2637/724 923/2629/722
f 923/2629/722 922/2637/724 127/2638/134 126/2639/149
f 928/2611/714 927/2610/713 123/2640/153 122/2641/148
f 926/2628/721 925/2624/719 929/2627/151 124/2642/152
f 924/2630/720 923/2629/722 126/2639/149 125/2643/150
f 922/2632/724 921/2631/723 121/2644/135 127/2645/134
f 921/2631/723 928/2633/714 122/2646/148 121/2644/135
f 927/2610/713 926/2635/721 124/2647/152 123/2640/153
f 932/2648/725 931/2649/574 939/2650/726 940/2651/727
f 603/1794/572 610/2652/566 937/2653/728 930/1795/573
f 609/2654/565 608/2655/576 935/2656/729 936/2657/730
f 607/2658/575 606/2659/578 933/2660/731 934/2661/732
f 605/2662/577 604/2663/571 931/2649/574 932/2648/725
f 610/2664/566 609/2654/565 936/2657/730 937/2665/728
f 608/2666/576 607/2658/575 934/2661/732 935/2667/729
f 606/2668/578 605/2662/577 932/2648/725 933/2669/731
f 938/2670/733 945/2671/734 953/2672/735 946/2673/736
f 937/2665/728 936/2657/730 944/2674/737 945/2675/734
f 935/2667/729 934/2661/732 942/2676/738 943/2677/739
f 933/2669/731 932/2648/725 940/2651/727 941/2678/740
f 931/1796/574 930/1795/573 938/2670/733 939/2679/726
f 930/1795/573 937/2653/728 945/2671/734 938/2670/733
f 936/2657/730 935/2656/729 943/2680/739 944/2674/737
f 934/2661/732 933/2660/731 941/2681/740 942/2676/738
f 949/2682/741 948/2683/742 956/2684/743 957/2685/744
f 944/2686/737 943/2687/739 951/2688/745 952/2689/746
f 942/2676/738 941/2681/740 949/2690/741 950/2691/747
f 940/2692/727 939/2693/726 947/2694/748 948/2683/742
f 945/2695/734 944/2686/737 952/2689/746 953/2696/735
f 943/2677/739 942/2676/738 950/2691/747 951/2697/745
f 941/2698/740 940/2692/727 948/2683/742 949/2682/741
f 939/2679/726 938/2670/733 946/2673/736 947/2699/748
f 961/2700/749 960/2701/750 968/2702/751 969/2703/752
f 947/2699/748 946/2673/736 954/2704/753 955/2705/754
f 946/2673/736 953/2672/735 961/2706/749 954/2704/753
f 952/2689/746 951/2688/745 959/2707/755 960/2701/750
f 950/2691/747 949/2690/741 957/2708/744 958/2709/756
f 948/2683/742 947/2694/748 955/2710/754 956/2684/743
f 953/2696/735 952/2689/746 960/2701/750 961/2700/749
f 951/2697/745 950/2691/747 958/2709/756 959/2711/755
f 966/2712/757 965/2713/758 973/2714/759 974/2715/760
f 959/2711/755 958/2709/756 966/2712/757 967/2716/761
f 957/2685/744 956/2684/743 964/2717/762 965/2718/758
f 955/2705/754 954/2704/753 962/2719/763 963/2720/764
f 954/2704/753 961/2706/749 969/2721/752 962/2719/763
f 960/2701/750 959/2707/755 967/2722/761 968/2702/751
f 958/2709/756 957/2708/744 965/2713/758 966/2712/757
f 956/2684/743 955/2710/754 963/2723/764 964/2717/762
f 970/2724/765 977/2725/766 985/2726/767 978/2727/768
f 964/2717/762 963/2723/764 971/2728/769 972/2729/770
f 969/2703/752 968/2702/751 976/2730/771 977/2731/766
f 967/2716/761 966/2712/757 974/2715/760 975/2732/772
f 965/2718/758 964/2717/762 972/2729/770 973/2733/759
f 963/2720/764 962/2719/763 970/2724/765 971/2734/769
f 962/2719/763 969/2721/752 977/2725/766 970/2724/765
f 968/2702/751 967/2722/761 975/2735/772 976/2730/771
f 983/2736/773 982/2737/774 990/2738/775 991/2739/776
f 976/2730/771 975/2735/772 983/2740/773 984/2741/777
f 974/2715/760 973/2714/759 981/2742/778 982/2737/774
f 972/2729/770 971/2728/769 979/2743/779 980/2744/780
f 977/2731/766 976/2730/771 984/2741/777 985/2745/767
f 975/2732/772 974/2715/760 982/2737/774 983/2736/773
f 973/2746/759 972/2747/770 980/2748/780 981/2749/778
f 971/2734/769 970/2724/765 978/2727/768 979/2750/779
f 993/2751/781 992/2752/782 653/2753/586 652/2754/581
f 981/2749/778 980/2748/780 988/2755/783 989/2756/784
f 979/2750/779 978/2727/768 986/2757/785 987/2758/786
f 978/2727/768 985/2726/767 993/2759/781 986/2757/785
f 984/2760/777 983/2761/773 991/2762/776 992/2752/782
f 982/2737/774 981/2742/778 989/2763/784 990/2738/775
f 980/2748/780 979/2764/779 987/2765/786 988/2755/783
f 985/2766/767 984/2760/777 992/2752/782 993/2751/781
f 991/2739/776 990/2738/775 995/2767/584 654/2768/585
f 989/2756/784 988/2755/783 656/2769/579 655/2770/583
f 987/2758/786 986/2757/785 994/2771/582 657/2772/580
f 986/2757/785 993/2759/781 652/2773/581 994/2771/582
f 992/2752/782 991/2762/776 654/2774/585 653/2753/586
f 990/2738/775 989/2763/784 655/2775/583 995/2767/584
f 988/2755/783 987/2765/786 657/2776/580 656/2769/579
f 1001/2777/787 1002/2778/788 1010/2779/789 1009/2780/790
f 187/2781/217 188/2782/216 1000/2783/791 999/2784/792
f 189/2785/219 190/2786/218 1002/2778/788 1001/2777/787
f 191/2787/221 185/2788/220 997/2789/793 1003/2790/794
f 185/2788/220 184/2791/209 996/2792/215 997/2789/793
f 186/532/208 187/2793/217 999/2794/792 998/533/214
f 188/2782/216 189/2795/219 1001/2796/787 1000/2783/791
f 190/2786/218 191/2797/221 1003/2798/794 1002/2778/788
f 1004/2799/795 1006/2800/796 1014/2801/797 1012/2802/798
f 1003/2790/794 997/2789/793 1005/2803/799 1011/2804/800
f 997/2789/793 996/2792/215 1004/2805/795 1005/2803/799
f 998/533/214 999/2794/792 1007/2806/801 1006/2807/796
f 1000/2783/791 1001/2796/787 1009/2808/790 1008/2809/802
f 1002/2778/788 1003/2798/794 1011/2810/800 1010/2779/789
f 996/534/215 998/533/214 1006/2807/796 1004/2811/795
f 999/2784/792 1000/2783/791 1008/2809/802 1007/2812/801
f 1016/2813/803 1017/2814/804 1025/2815/805 1024/2816/806
f 1007/2812/801 1008/2809/802 1016/2813/803 1015/2817/807
f 1009/2780/790 1010/2779/789 1018/2818/808 1017/2819/804
f 1011/2804/800 1005/2803/799 1013/2820/809 1019/2821/810
f 1005/2803/799 1004/2805/795 1012/2822/798 1013/2820/809
f 1006/2800/796 1007/2823/801 1015/2824/807 1014/2801/797
f 1008/2809/802 1009/2808/790 1017/2814/804 1016/2813/803
f 1010/2825/789 1011/2826/800 1019/2827/810 1018/2828/808
f 1021/2829/811 1020/2830/812 1028/2831/813 1029/2832/814
f 1018/2828/808 1019/2827/810 1027/2833/815 1026/2834/816
f 1012/2802/798 1014/2801/797 1022/2835/817 1020/2836/812
f 1015/2817/807 1016/2813/803 1024/2816/806 1023/2837/818
f 1017/2838/804 1018/2828/808 1026/2834/816 1025/2839/805
f 1019/2821/810 1013/2820/809 1021/2829/811 1027/2840/815
f 1013/2820/809 1012/2822/798 1020/2830/812 1021/2829/811
f 1014/2801/797 1015/2824/807 1023/2841/818 1022/2835/817
f 1031/2842/819 1032/2843/820 1040/2844/821 1039/2845/822
f 1022/2835/817 1023/2841/818 1031/2846/819 1030/2847/823
f 1024/2816/806 1025/2815/805 1033/2848/824 1032/2843/820
f 1026/2834/816 1027/2833/815 1035/2849/825 1034/2850/826
f 1020/2836/812 1022/2835/817 1030/2847/823 1028/2851/813
f 1023/2837/818 1024/2816/806 1032/2843/820 1031/2842/819
f 1025/2839/805 1026/2834/816 1034/2850/826 1033/2852/824
f 1027/2840/815 1021/2829/811 1029/2832/814 1035/2853/825
f 1036/2854/827 1038/2855/828 1046/2856/829 1044/2857/830
f 1033/2852/824 1034/2850/826 1042/2858/831 1041/2859/832
f 1035/2853/825 1029/2832/814 1037/2860/833 1043/2861/834
f 1029/2832/814 1028/2831/813 1036/2862/827 1037/2860/833
f 1030/2847/823 1031/2846/819 1039/2863/822 1038/2855/828
f 1032/2843/820 1033/2848/824 1041/2864/832 1040/2844/821
f 1034/2850/826 1035/2849/825 1043/2865/834 1042/2858/831
f 1028/2851/813 1030/2847/823 1038/2855/828 1036/2854/827
f 1046/2866/829 1047/2867/835 1055/2868/836 1054/2869/837
f 1039/2845/822 1040/2844/821 1048/2870/838 1047/2871/835
f 1041/2859/832 1042/2858/831 1050/2872/839 1049/2873/840
f 1043/2861/834 1037/2860/833 1045/2874/841 1051/2875/842
f 1037/2860/833 1036/2862/827 1044/2876/830 1045/2874/841
f 1038/2855/828 1039/2863/822 1047/2877/835 1046/2856/829
f 1040/2844/821 1041/2864/832 1049/2878/840 1048/2870/838
f 1042/2858/831 1043/2865/834 1051/2879/842 1050/2872/839
f 1059/2880/843 1053/2881/844 248/2882/277 249/2883/276
f 1048/2870/838 1049/2878/840 1057/2884/845 1056/2885/846
f 1050/2886/839 1051/2887/842 1059/2888/843 1058/2889/847
f 1044/2890/830 1046/2866/829 1054/2869/837 1052/2891/848
f 1047/2871/835 1048/2870/838 1056/2885/846 1055/2892/836
f 1049/2893/840 1050/2886/839 1058/2889/847 1057/2894/845
f 1051/2875/842 1045/2874/841 1053/2881/844 1059/2880/843
f 1045/2874/841 1044/2876/830 1052/2895/848 1053/2881/844
f 1053/2881/844 1052/2895/848 254/2896/287 248/2882/277
f 1054/2869/837 1055/2868/836 253/2897/285 1060/2898/286
f 1056/2885/846 1057/2884/845 251/2899/283 252/2900/284
f 1058/2889/847 1059/2888/843 249/2901/276 250/2902/282
f 1052/2891/848 1054/2869/837 1060/2898/286 254/2903/287
f 1055/2892/836 1056/2885/846 252/2900/284 253/2904/285
f 1057/2894/845 1058/2889/847 250/2902/282 251/2905/283
f 1067/2906/849 1068/2907/850 1076/2908/851 1075/2909/852
f 825/2423/632 827/2429/636 1068/2907/850 1067/2906/849
f 821/2417/628 823/2419/630 1066/2910/853 1065/2911/854
f 813/2404/619 815/2407/622 1062/2912/638 1061/2913/855
f 817/2411/624 819/2413/626 1064/2914/856 1063/2432/637
f 827/2430/636 813/2404/619 1061/2913/855 1068/2915/850
f 823/2420/630 825/2423/632 1067/2906/849 1066/2916/853
f 819/2414/626 821/2417/628 1065/2911/854 1064/2917/856
f 1074/2918/857 1075/2909/852 1083/2919/858 1082/2920/859
f 1065/2911/854 1066/2910/853 1074/2921/857 1073/2922/860
f 1063/2432/637 1064/2914/856 1072/2923/861 1071/2924/862
f 1061/2913/855 1062/2912/638 1070/2925/863 1069/2926/864
f 1068/2915/850 1061/2913/855 1069/2926/864 1076/2927/851
f 1066/2916/853 1067/2906/849 1075/2909/852 1074/2918/857
f 1064/2917/856 1065/2911/854 1073/2922/860 1072/2928/861
f 1062/2433/638 1063/2432/637 1071/2924/862 1070/2929/863
f 1077/2930/865 1078/2931/866 1086/2932/867 1085/2933/868
f 1072/2928/861 1073/2922/860 1081/2934/869 1080/2935/870
f 1070/2936/863 1071/2937/862 1079/2938/871 1078/2939/866
f 1075/2940/852 1076/2941/851 1084/2942/872 1083/2943/858
f 1073/2922/860 1074/2921/857 1082/2944/859 1081/2934/869
f 1071/2937/862 1072/2945/861 1080/2946/870 1079/2938/871
f 1069/2926/864 1070/2925/863 1078/2931/866 1077/2930/865
f 1076/2927/851 1069/2926/864 1077/2930/865 1084/2947/872
f 1091/2948/873 1092/2949/874 1100/2950/875 1099/2951/876
f 1084/2947/872 1077/2930/865 1085/2933/868 1092/2952/874
f 1082/2953/859 1083/2943/858 1091/2948/873 1090/2954/877
f 1080/2935/870 1081/2934/869 1089/2955/878 1088/2956/879
f 1078/2939/866 1079/2938/871 1087/2957/880 1086/2958/867
f 1083/2943/858 1084/2942/872 1092/2949/874 1091/2948/873
f 1081/2934/869 1082/2944/859 1090/2959/877 1089/2955/878
f 1079/2938/871 1080/2946/870 1088/2960/879 1087/2957/880
f 1094/2961/881 1095/2962/882 1103/2963/883 1102/2964/884
f 1089/2955/878 1090/2959/877 1098/2965/885 1097/2966/886
f 1087/2957/880 1088/2960/879 1096/2967/887 1095/2962/882
f 1085/2933/868 1086/2932/867 1094/2968/881 1093/2969/888
f 1092/2952/874 1085/2933/868 1093/2969/888 1100/2970/875
f 1090/2954/877 1091/2948/873 1099/2951/876 1098/2971/885
f 1088/2956/879 1089/2955/878 1097/2966/886 1096/2972/887
f 1086/2958/867 1087/2957/880 1095/2962/882 1094/2961/881
f 1108/2973/889 1101/2974/890 1109/2975/891 1116/2976/892
f 1099/2951/876 1100/2950/875 1108/2977/889 1107/2978/893
f 1097/2966/886 1098/2965/885 1106/2979/894 1105/2980/895
f 1095/2962/882 1096/2967/887 1104/2981/896 1103/2963/883
f 1093/2969/888 1094/2968/881 1102/2982/884 1101/2974/890
f 1100/2970/875 1093/2969/888 1101/2974/890 1108/2973/889
f 1098/2971/885 1099/2951/876 1107/2978/893 1106/2983/894
f 1096/2972/887 1097/2966/886 1105/2980/895 1104/2984/896
f 1111/2985/897 1112/2986/898 1120/2987/899 1119/2988/900
f 1106/2983/894 1107/2978/893 1115/2989/901 1114/2990/902
f 1104/2984/896 1105/2980/895 1113/2991/903 1112/2992/898
f 1102/2964/884 1103/2963/883 1111/2993/897 1110/2994/904
f 1107/2978/893 1108/2977/889 1116/2995/892 1115/2989/901
f 1105/2980/895 1106/2979/894 1114/2996/902 1113/2991/903
f 1103/2963/883 1104/2981/896 1112/2997/898 1111/2993/897
f 1101/2974/890 1102/2982/884 1110/2998/904 1109/2975/891
f 1123/2999/905 1124/3000/906 1132/3001/907 1131/3002/908
f 1109/2975/891 1110/2998/904 1118/3003/909 1117/3004/910
f 1116/2976/892 1109/2975/891 1117/3004/910 1124/3005/906
f 1114/3006/902 1115/3007/901 1123/2999/905 1122/3008/911
f 1112/2992/898 1113/2991/903 1121/3009/912 1120/3010/899
f 1110/3011/904 1111/2985/897 1119/2988/900 1118/3012/909
f 1115/3007/901 1116/3013/892 1124/3000/906 1123/2999/905
f 1113/2991/903 1114/2996/902 1122/3014/911 1121/3009/912
f 1128/3015/913 1129/3016/914 1137/3017/915 1136/3018/916
f 1121/3009/912 1122/3014/911 1130/3019/917 1129/3016/914
f 1119/2988/900 1120/2987/899 1128/3020/913 1127/3021/918
f 1117/3004/910 1118/3003/909 1126/3022/919 1125/3023/920
f 1124/3005/906 1117/3004/910 1125/3023/920 1132/3024/907
f 1122/3008/911 1123/2999/905 1131/3002/908 1130/3025/917
f 1120/3010/899 1121/3009/912 1129/3016/914 1128/3015/913
f 1118/3012/909 1119/2988/900 1127/3021/918 1126/3026/919
f 1140/3027/921 1133/3028/922 1141/3029/923 1148/3030/924
f 1126/3026/919 1127/3021/918 1135/3031/925 1134/3032/926
f 1131/3002/908 1132/3001/907 1140/3033/921 1139/3034/927
f 1129/3016/914 1130/3019/917 1138/3035/928 1137/3017/915
f 1127/3021/918 1128/3020/913 1136/3036/916 1135/3031/925
f 1125/3023/920 1126/3022/919 1134/3037/926 1133/3028/922
f 1132/3024/907 1125/3023/920 1133/3028/922 1140/3027/921
f 1130/3025/917 1131/3002/908 1139/3034/927 1138/3038/928
f 1145/3039/929 1146/3040/930 1154/3041/931 1153/3042/932
f 1138/3038/928 1139/3034/927 1147/3043/933 1146/3044/930
f 1136/3018/916 1137/3017/915 1145/3039/929 1144/3045/934
f 1134/3032/926 1135/3031/925 1143/3046/935 1142/3047/936
f 1139/3034/927 1140/3033/921 1148/3048/924 1147/3043/933
f 1137/3017/915 1138/3035/928 1146/3040/930 1145/3039/929
f 1135/3031/925 1136/3036/916 1144/3049/934 1143/3046/935
f 1133/3028/922 1134/3037/926 1142/3050/936 1141/3029/923
f 1330/3051/937 1329/3052/938 1164/3053/939 1163/3054/940
f 1143/3046/935 1144/3049/934 1152/3055/941 1151/3056/942
f 1141/3029/923 1142/3050/936 1150/3057/943 1149/3058/944
f 1148/3030/924 1141/3029/923 1149/3058/944 1156/3059/945
f 1146/3044/930 1147/3043/933 1155/3060/946 1154/3061/931
f 1144/3045/934 1145/3039/929 1153/3042/932 1152/3062/941
f 1142/3047/936 1143/3046/935 1151/3056/942 1150/3063/943
f 1147/3043/933 1148/3048/924 1156/3064/945 1155/3060/946
f 1338/3065/947 1337/3066/948 1171/3067/949 1170/3068/950
f 1332/3069/951 1331/3070/952 1162/3071/953 1161/3072/954
f 1334/3073/955 1333/3074/956 1160/3075/957 1159/3076/958
f 1336/3077/959 1335/3078/960 1158/3079/961 1157/3080/962
f 1329/3081/938 1336/3077/959 1157/3080/962 1164/3082/939
f 1331/3083/952 1330/3051/937 1163/3054/940 1162/3084/953
f 1333/3085/956 1332/3069/951 1161/3072/954 1160/3086/957
f 1335/3087/960 1334/3073/955 1159/3076/958 1158/3088/961
f 1165/3089/963 1166/3090/964 1174/3091/965 1173/3092/966
f 1340/3093/967 1339/3094/968 1169/3095/969 1168/3096/970
f 1342/3097/971 1341/3098/972 1167/3099/973 1166/3100/964
f 1337/3066/948 1343/3101/974 1172/3102/975 1171/3067/949
f 1339/3094/968 1338/3103/947 1170/3104/950 1169/3095/969
f 1341/3098/972 1340/3105/967 1168/3106/970 1167/3099/973
f 1344/3107/976 1342/3108/971 1166/3109/964 1165/3110/963
f 1343/3111/974 1344/3107/976 1165/3110/963 1172/3112/975
f 1172/3113/975 1165/3089/963 1173/3092/966 1180/3114/977
f 1170/3115/950 1171/3116/949 1179/3117/978 1178/3118/979
f 1168/3119/970 1169/3120/969 1177/3121/980 1176/3122/981
f 1166/3090/964 1167/3123/973 1175/3124/982 1174/3091/965
f 1171/3116/949 1172/3113/975 1180/3114/977 1179/3117/978
f 1169/3120/969 1170/3115/950 1178/3118/979 1177/3121/980
f 1167/3099/973 1168/3106/970 1176/3125/981 1175/3126/982
f 1182/3127/983 1183/3128/984 1347/3129/985 1346/3130/986
f 1187/3131/987 1186/3132/988 1404/3133/989 1406/3134/990
f 1185/3135/991 1184/3136/992 1400/3137/993 1402/3138/994
f 1181/3139/995 1188/3140/996 1408/3141/997 1393/3142/998
f 1173/3092/966 1174/3091/965 1395/3143/999 1394/3144/1000
f 1188/3140/996 1187/3131/987 1406/3134/990 1408/3141/997
f 1186/3132/988 1185/3135/991 1402/3138/994 1404/3133/989
f 1184/3136/992 1183/3128/984 1398/3145/1001 1400/3137/993
f 1194/3146/1002 1195/430/172 1203/3147/1003 1202/3148/1004
f 148/3149/173 149/3150/164 1194/3151/1002 1193/3152/1005
f 146/3153/175 147/3154/174 1192/3155/1006 1191/3156/1007
f 144/3157/177 145/3158/176 1190/3159/1008 1189/3160/1009
f 151/3161/170 144/3157/177 1189/3160/1009 1196/3162/171
f 149/3163/164 150/427/163 1195/430/172 1194/3146/1002
f 147/3164/174 148/3149/173 1193/3152/1005 1192/3165/1006
f 145/3166/176 146/3153/175 1191/3156/1007 1190/3167/1008
f 1197/3168/1010 1198/3169/1011 1206/3170/1012 1205/3171/1013
f 1192/3165/1006 1193/3152/1005 1201/3172/1014 1200/3173/1015
f 1190/3167/1008 1191/3156/1007 1199/3174/1016 1198/3175/1011
f 1195/430/172 1196/429/171 1204/3176/1017 1203/3147/1003
f 1193/3152/1005 1194/3151/1002 1202/3177/1004 1201/3172/1014
f 1191/3156/1007 1192/3155/1006 1200/3178/1015 1199/3174/1016
f 1189/3179/1009 1190/3180/1008 1198/3169/1011 1197/3168/1010
f 1196/3162/171 1189/3160/1009 1197/3181/1010 1204/3182/1017
f 1211/3183/1018 1212/3184/1019 1421/3185/421 1420/3186/420
f 1204/3187/1017 1197/3168/1010 1205/3171/1013 1212/3188/1019
f 1202/3148/1004 1203/3147/1003 1211/3183/1018 1210/3189/1020
f 1200/3190/1015 1201/3191/1014 1209/3192/1021 1208/3193/1022
f 1198/3175/1011 1199/3174/1016 1207/3194/1023 1206/3195/1012
f 1203/3147/1003 1204/3176/1017 1212/3184/1019 1211/3183/1018
f 1201/3191/1014 1202/3196/1004 1210/3197/1020 1209/3192/1021
f 1199/3174/1016 1200/3178/1015 1208/3198/1022 1207/3194/1023
f 1226/1265/465 1624/1264/485 635/1263/484 1214/1262/483 1213/1258/479 1219/3199/1024 1222/3200/1025 1221/3201/471
f 1209/3192/1021 1210/3197/1020 1218/3202/1026 1217/3203/1027
f 1207/3194/1023 1208/3198/1022 1216/3204/1028 1412/3205/397 1413/3206/396 1410/3207/424
f 1205/3171/1013 1206/3170/1012 1414/3208/423 1422/3209/422
f 1212/3188/1019 1205/3171/1013 1422/3209/422 1421/3210/421
f 1210/3189/1020 1211/3183/1018 1420/3186/420 1411/3211/402 1474/3212/401 1218/3213/1026
f 1208/3193/1022 1209/3192/1021 1217/3203/1027 1216/3214/1028
f 1206/3195/1012 1207/3194/1023 1410/3207/424 1414/3215/423
f 1686/3216/477 1700/911/346 1483/3217/1029
f 1659/1210/468 1663/1209/467 1521/3218/1030
f 1217/3203/1027 1218/3202/1026 1419/3219/400 1416/3220/399
f 1221/3201/471 1222/3200/1025 1219/3199/1024 1213/1258/479 1677/1257/478 1678/3221/504 1664/3222/505 1660/3223/506 1650/3224/507 427/3225/409 434/3226/375
f 1682/3227/1031 1681/3228/1032 1487/3229/1033
f 1218/3213/1026 1474/3212/401 1419/3230/400
f 1216/3214/1028 1217/3203/1027 1416/3220/399 1409/3231/398
f 1230/3232/1034 1229/3233/1035 1237/3234/1036 1238/3235/1037
f 214/3236/232 213/3237/242 1232/3238/1038 1233/3239/1039
f 212/3240/241 211/3241/244 1230/3242/1034 1231/3243/1040
f 210/3244/243 209/3245/245 1228/3246/1041 1229/3233/1035
f 215/3247/233 214/3236/232 1233/3239/1039 1234/3248/239
f 213/3249/242 212/3240/241 1231/3243/1040 1232/3250/1038
f 211/3251/244 210/3244/243 1229/3233/1035 1230/3232/1034
f 209/3252/245 208/605/238 1227/608/240 1228/3253/1041
f 1242/3254/1042 1241/3255/1043 1249/3256/1044 1250/3257/1045
f 1228/3258/1041 1227/3259/240 1235/3260/1046 1236/3261/1047
f 1227/608/240 1234/607/239 1242/3262/1042 1235/3263/1046
f 1233/3239/1039 1232/3238/1038 1240/3264/1048 1241/3255/1043
f 1231/3243/1040 1230/3242/1034 1238/3265/1037 1239/3266/1049
f 1229/3233/1035 1228/3246/1041 1236/3267/1047 1237/3234/1036
f 1234/3248/239 1233/3239/1039 1241/3255/1043 1242/3254/1042
f 1232/3250/1038 1231/3243/1040 1239/3266/1049 1240/3268/1048
f 1247/3269/1050 1246/3270/1051 1254/3271/1052 1255/3272/1053
f 1240/3273/1048 1239/3274/1049 1247/3269/1050 1248/3275/1054
f 1238/3235/1037 1237/3234/1036 1245/3276/1055 1246/3277/1051
f 1236/3261/1047 1235/3260/1046 1243/3278/1056 1244/3279/1057
f 1235/3260/1046 1242/3280/1042 1250/3281/1045 1243/3278/1056
f 1241/3255/1043 1240/3264/1048 1248/3282/1054 1249/3256/1044
f 1239/3274/1049 1238/3283/1037 1246/3270/1051 1247/3269/1050
f 1237/3234/1036 1236/3267/1047 1244/3284/1057 1245/3276/1055
f 1245/3276/1055 1244/3284/1057 1482/3285/500 1480/3286/499 1475/3287/521
f 1250/3257/1045 1249/3256/1044 1477/3288/515 1476/3289/503 1479/3290/502
f 1248/3275/1054 1247/3269/1050 1255/3272/1053 1256/3291/1058
f 1246/3277/1051 1245/3276/1055 1475/3287/521 1467/3292/520 1254/3293/1052
f 1244/3279/1057 1243/3278/1056 1481/3294/501 1482/3295/500
f 1243/3278/1056 1250/3281/1045 1479/3296/502 1481/3294/501
f 1249/3256/1044 1248/3282/1054 1256/3297/1058 322/3298/516 1477/3288/515
f 1255/3272/1053 1254/3271/1052 1471/3299/519 1465/3300/518
f 1256/3291/1058 1255/3272/1053 1465/3300/518 1463/3301/517
f 1254/3293/1052 1467/3292/520 1471/3302/519
f 1266/3303/1059 1265/3304/1060 1273/3305/1061 1274/3306/1062
f 272/3307/311 271/3308/299 1259/3309/1063 1260/3310/1064
f 271/3308/299 278/3311/298 1266/3312/1059 1259/3309/1063
f 277/3313/309 276/3314/308 1264/3315/1065 1265/3304/1060
f 275/3316/310 274/3317/304 1262/3318/307 1263/3319/1066
f 273/786/305 272/3320/311 1260/3321/1064 1261/787/306
f 278/3322/298 277/3313/309 1265/3304/1060 1266/3303/1059
f 276/3323/308 275/3316/310 1263/3319/1066 1264/3324/1065
f 1273/3305/1061 1272/3325/1067 1280/3326/1068 1281/3327/1069
f 1264/3328/1065 1263/3329/1066 1271/3330/1070 1272/3331/1067
f 1262/788/307 1261/787/306 1269/3332/1071 1270/3333/1072
f 1260/3310/1064 1259/3309/1063 1267/3334/1073 1268/3335/1074
f 1259/3309/1063 1266/3312/1059 1274/3336/1062 1267/3334/1073
f 1265/3304/1060 1264/3315/1065 1272/3325/1067 1273/3305/1061
f 1263/3319/1066 1262/3318/307 1270/3337/1072 1271/3338/1070
f 1261/787/306 1260/3321/1064 1268/3339/1074 1269/3332/1071
f 1276/3340/1075 1275/3341/1076 1472/3342/496 1470/3343/495
f 1271/3330/1070 1270/3344/1072 1278/3345/1077 1279/3346/1078
f 1269/3332/1071 1268/3339/1074 1276/3347/1075 1277/3348/1079
f 1274/3306/1062 1273/3305/1061 1281/3327/1069 1282/3349/1080
f 1272/3331/1067 1271/3330/1070 1279/3346/1078 1280/3350/1068
f 1270/3333/1072 1269/3332/1071 1277/3348/1079 1278/3351/1077
f 1268/3335/1074 1267/3334/1073 1275/3341/1076 1276/3340/1075
f 1267/3334/1073 1274/3336/1062 1282/3352/1080 1275/3341/1076
f 1275/3341/1076 1282/3352/1080 1468/3353/497 1472/3342/496
f 1281/3327/1069 1280/3326/1068 1288/3354/1081 1466/3355/523 1464/3356/522
f 1279/3346/1078 1278/3345/1077 1286/3357/1082 1287/3358/1083
f 1277/3348/1079 1276/3347/1075 1470/3359/495 319/3360/494 1478/3361/528
f 1282/3349/1080 1281/3327/1069 1464/3356/522 1469/3362/498 1468/3363/497
f 1280/3350/1068 1279/3346/1078 1287/3358/1083 1288/3364/1081
f 1278/3351/1077 1277/3348/1079 1478/3361/528 1525/3365/527 1286/3366/1082
f 1288/3364/1081 1287/3358/1083 1524/3367/525 1523/3368/524
f 1286/3366/1082 1525/3365/527 1473/3369/526
f 1287/3358/1083 1286/3357/1082 1473/3370/526 1524/3367/525
f 1297/2485/658 1304/2484/657 1312/3371/1084 1305/3372/1085
f 851/3373/661 850/3374/660 1302/3375/1086 1303/3376/1087
f 849/3377/662 848/3378/650 1300/3379/1088 1301/3380/1089
f 847/3381/649 846/3382/659 1298/3383/1090 1299/3384/1091
f 852/3385/656 851/3373/661 1303/3376/1087 1304/3386/657
f 850/3387/660 849/3377/662 1301/3380/1089 1302/3388/1086
f 848/3389/650 847/3381/649 1299/3384/1091 1300/3390/1088
f 846/3391/659 845/2482/655 1297/2485/658 1298/3392/1090
f 1308/3393/1092 1307/3394/1093 1315/3395/1094 1316/3396/1095
f 1303/3376/1087 1302/3375/1086 1310/3397/1096 1311/3398/1097
f 1301/3380/1089 1300/3379/1088 1308/3399/1092 1309/3400/1098
f 1299/3384/1091 1298/3383/1090 1306/3401/1099 1307/3394/1093
f 1304/3386/657 1303/3376/1087 1311/3398/1097 1312/3402/1084
f 1302/3403/1086 1301/3404/1089 1309/3405/1098 1310/3406/1096
f 1300/3390/1088 1299/3384/1091 1307/3394/1093 1308/3393/1092
f 1298/3392/1090 1297/2485/658 1305/3372/1085 1306/3407/1099
f 1320/3408/1100 1319/3409/1101 1327/3410/1102 1328/3411/1103
f 1306/3412/1099 1305/3413/1085 1313/3414/1104 1314/3415/1105
f 1305/3413/1085 1312/3416/1084 1320/3417/1100 1313/3414/1104
f 1311/3398/1097 1310/3397/1096 1318/3418/1106 1319/3409/1101
f 1309/3405/1098 1308/3419/1092 1316/3420/1095 1317/3421/1107
f 1307/3394/1093 1306/3401/1099 1314/3422/1105 1315/3395/1094
f 1312/3402/1084 1311/3398/1097 1319/3409/1101 1320/3408/1100
f 1310/3406/1096 1309/3405/1098 1317/3421/1107 1318/3423/1106
f 1325/3424/1108 1324/3425/1109 1294/3426/512 1295/3427/511
f 1318/3423/1106 1317/3421/1107 1325/3424/1108 1326/3428/1110
f 1316/3396/1095 1315/3395/1094 1323/3429/1111 1324/3430/1109
f 1314/3415/1105 1313/3414/1104 1321/3431/1112 1322/3432/1113
f 1313/3414/1104 1320/3417/1100 1328/3433/1103 1321/3431/1112
f 1319/3409/1101 1318/3418/1106 1326/3434/1110 1327/3410/1102
f 1317/3421/1107 1316/3420/1095 1324/3425/1109 1325/3424/1108
f 1315/3395/1094 1314/3422/1105 1322/3435/1113 1323/3429/1111
f 1323/3429/1111 1322/3435/1113 1290/3436/1114 1293/3437/514 1296/3438/513
f 1328/3411/1103 1327/3410/1102 1703/3439/509 1702/3440/508 1701/3441/1115
f 1326/3428/1110 1325/3424/1108 1295/3427/511 1292/3442/510
f 1324/3430/1109 1323/3429/1111 1296/3438/513 1294/3443/512
f 1322/3432/1113 1321/3431/1112 1291/3444/1116 1290/3445/1114
f 1321/3431/1112 1328/3433/1103 1701/3446/1115 1291/3444/1116
f 1327/3410/1102 1326/3434/1110 1292/3447/510 1703/3439/509
f 1150/3063/943 1151/3056/942 1334/3073/955 1335/3087/960
f 1152/3062/941 1153/3042/932 1332/3069/951 1333/3085/956
f 1154/3061/931 1155/3060/946 1330/3051/937 1331/3083/952
f 1156/3059/945 1149/3058/944 1336/3077/959 1329/3081/938
f 1149/3058/944 1150/3057/943 1335/3078/960 1336/3077/959
f 1151/3056/942 1152/3055/941 1333/3074/956 1334/3073/955
f 1153/3042/932 1154/3041/931 1331/3070/952 1332/3069/951
f 1155/3060/946 1156/3064/945 1329/3052/938 1330/3051/937
f 1164/3082/939 1157/3080/962 1344/3107/976 1343/3111/974
f 1157/3080/962 1158/3079/961 1342/3108/971 1344/3107/976
f 1159/3076/958 1160/3075/957 1340/3105/967 1341/3098/972
f 1161/3072/954 1162/3071/953 1338/3103/947 1339/3094/968
f 1163/3054/940 1164/3053/939 1343/3101/974 1337/3066/948
f 1158/3088/961 1159/3076/958 1341/3098/972 1342/3097/971
f 1160/3086/957 1161/3072/954 1339/3094/968 1340/3093/967
f 1162/3084/953 1163/3054/940 1337/3066/948 1338/3065/947
f 1180/3114/977 1173/3092/966 1394/3144/1000 1407/3448/1117
f 1174/3091/965 1175/3124/982 1397/3449/1118 1395/3143/999
f 1175/3124/982 1176/3122/981 1399/3450/1119 1397/3449/1118
f 1176/3122/981 1177/3121/980 1401/3451/1120 1399/3450/1119
f 1177/3121/980 1178/3118/979 1403/3452/1121 1401/3451/1120
f 1178/3118/979 1179/3117/978 1405/3453/1122 1403/3452/1121
f 1179/3117/978 1180/3114/977 1407/3448/1117 1405/3453/1122
f 1183/3128/984 1182/3127/983 1396/3454/1123 1398/3145/1001
f 1352/3455/1124 1345/3456/1125 1353/3457/1126 1360/3458/1127
f 1187/3131/987 1188/3140/996 1352/3455/1124 1351/3459/1128
f 1185/3135/991 1186/3132/988 1350/3460/1129 1349/3461/1130
f 1183/3128/984 1184/3136/992 1348/3462/1131 1347/3129/985
f 1181/3139/995 1182/3127/983 1346/3130/986 1345/3456/1125
f 1188/3140/996 1181/3139/995 1345/3456/1125 1352/3455/1124
f 1186/3132/988 1187/3131/987 1351/3459/1128 1350/3460/1129
f 1184/3136/992 1185/3135/991 1349/3461/1130 1348/3462/1131
f 1355/3463/1132 1356/3464/1133 1364/3465/1134 1363/3466/1135
f 1350/3460/1129 1351/3459/1128 1359/3467/1136 1358/3468/1137
f 1348/3462/1131 1349/3461/1130 1357/3469/1138 1356/3470/1133
f 1346/3130/986 1347/3129/985 1355/3471/1132 1354/3472/1139
f 1351/3473/1128 1352/3474/1124 1360/3475/1127 1359/3476/1136
f 1349/3477/1130 1350/3478/1129 1358/3479/1137 1357/3480/1138
f 1347/3481/985 1348/3482/1131 1356/3464/1133 1355/3463/1132
f 1345/3483/1125 1346/3484/986 1354/3485/1139 1353/3486/1126
f 1367/3487/1140 1368/3488/1141 1376/3489/1142 1375/3490/1143
f 1353/3486/1126 1354/3485/1139 1362/3491/1144 1361/3492/1145
f 1360/3493/1127 1353/3486/1126 1361/3492/1145 1368/3494/1141
f 1358/3495/1137 1359/3476/1136 1367/3487/1140 1366/3496/1146
f 1356/3497/1133 1357/3480/1138 1365/3498/1147 1364/3499/1134
f 1354/3500/1139 1355/3463/1132 1363/3466/1135 1362/3501/1144
f 1359/3476/1136 1360/3475/1127 1368/3488/1141 1367/3487/1140
f 1357/3480/1138 1358/3479/1137 1366/3502/1146 1365/3498/1147
f 1372/3503/1148 1373/3504/1149 1381/3505/1150 1380/3506/1151
f 1365/3498/1147 1366/3502/1146 1374/3507/1152 1373/3504/1149
f 1363/3466/1135 1364/3465/1134 1372/3508/1148 1371/3509/1153
f 1361/3492/1145 1362/3491/1144 1370/3510/1154 1369/3511/1155
f 1368/3494/1141 1361/3492/1145 1369/3511/1155 1376/3512/1142
f 1366/3496/1146 1367/3487/1140 1375/3490/1143 1374/3513/1152
f 1364/3499/1134 1365/3498/1147 1373/3504/1149 1372/3503/1148
f 1362/3501/1144 1363/3466/1135 1371/3509/1153 1370/3514/1154
f 1384/3515/1156 1377/3516/1157 1385/3517/1158 1392/3518/1159
f 1370/3514/1154 1371/3509/1153 1379/3519/1160 1378/3520/1161
f 1375/3490/1143 1376/3489/1142 1384/3521/1156 1383/3522/1162
f 1373/3504/1149 1374/3507/1152 1382/3523/1163 1381/3505/1150
f 1371/3509/1153 1372/3508/1148 1380/3524/1151 1379/3519/1160
f 1369/3511/1155 1370/3510/1154 1378/3525/1161 1377/3516/1157
f 1376/3512/1142 1369/3511/1155 1377/3516/1157 1384/3515/1156
f 1374/3513/1152 1375/3490/1143 1383/3522/1162 1382/3526/1163
f 1385/3527/1158 1386/3528/1164 1387/3529/1165 1388/3530/1166 1389/3531/1167 1390/3532/1168 1391/3533/1169 1392/3534/1159
f 1382/3526/1163 1383/3522/1162 1391/3535/1169 1390/3536/1168
f 1380/3506/1151 1381/3505/1150 1389/3537/1167 1388/3538/1166
f 1378/3520/1161 1379/3519/1160 1387/3539/1165 1386/3540/1164
f 1383/3522/1162 1384/3521/1156 1392/3541/1159 1391/3535/1169
f 1381/3505/1150 1382/3523/1163 1390/3542/1168 1389/3537/1167
f 1379/3519/1160 1380/3524/1151 1388/3543/1166 1387/3539/1165
f 1377/3516/1157 1378/3525/1161 1386/3544/1164 1385/3517/1158
f 1394/3545/1000 1395/3546/999 1396/3547/1123 1393/3548/998
f 1395/3549/999 1397/3550/1118 1398/3551/1001 1396/3552/1123
f 1397/3550/1118 1399/3553/1119 1400/3554/993 1398/3551/1001
f 1399/3555/1119 1401/3556/1120 1402/3557/994 1400/3558/993
f 1401/3556/1120 1403/3559/1121 1404/3560/989 1402/3557/994
f 1403/3561/1121 1405/3562/1122 1406/3563/990 1404/3564/989
f 1405/3562/1122 1407/3565/1117 1408/3566/997 1406/3563/990
f 1407/3567/1117 1394/3545/1000 1393/3548/998 1408/3568/997
f 1182/3127/983 1181/3139/995 1393/3142/998 1396/3454/1123
f 1674/1532/493 1662/1531/492 1489/3569/1170
f 1221/1213/471 1415/1212/470 1670/1211/469 1659/1210/468 1663/1209/467 1679/1208/466 1226/1207/465
f 1662/1531/492 1220/1530/491 1489/3569/1170
f 1684/1495/507 1681/3570/1032 1682/3571/1031 1223/3572/489 508/3573/390 507/1503/409 1293/1502/514 1290/3574/1114 1291/3575/1116 1701/3576/1115 1702/1496/508
f 1624/3577/485 1226/3578/465 1679/3579/466 1522/3580/1171
f 1681/3228/1032 1684/3581/507 1418/3582/506 1486/3583/1172 1487/3229/1033
f 1214/1262/483 1215/1261/482 317/1260/481 284/1259/480 1213/1258/479
f 1418/3584/506 1417/3585/505 1485/3586/1173 1486/3587/1172
f 1670/3588/469 1415/3589/470 1520/3590/1174
f 1409/3591/398 1412/3205/397 1216/3204/1028
f 1429/3592/1170 1642/3593/491 1669/3594/490 1436/3595/1175 1437/3596/1176
f 1427/3597/1033 1426/3598/1172 1434/3599/1177 1435/3600/1178
f 1425/3601/1173 1424/3602/1179 1432/3603/1180 1433/3604/1181
f 1430/3605/347 288/3606/493 1671/3607/344
f 1428/3608/1182 1668/3609/1031 1667/3610/489 1669/3611/490
f 1426/3612/1172 1425/3601/1173 1433/3604/1181 1434/3613/1177
f 1424/3614/1179 1423/3615/1029 1431/3616/1183 1432/3617/1180
f 1423/3615/1029 1673/3618/346 1672/3619/345 1671/3620/344 1438/3621/1184 1431/3616/1183
f 1432/3617/1180 1431/3616/1183 1439/3622/1185 1440/3623/1186
f 1431/3616/1183 1438/3621/1184 1446/3624/1187 1439/3622/1185
f 1437/3596/1176 1436/3595/1175 1444/3625/1188 1445/3626/1189
f 1435/3600/1178 1434/3599/1177 1442/3627/1190 1443/3628/1191
f 1433/3604/1181 1432/3603/1180 1440/3629/1186 1441/3630/1192
f 1438/3631/1184 1437/3596/1176 1445/3626/1189 1446/3632/1187
f 1436/3633/1175 1435/3600/1178 1443/3628/1191 1444/3634/1188
f 1434/3613/1177 1433/3604/1181 1441/3630/1192 1442/3635/1190
f 1446/3632/1187 1445/3626/1189 1453/3636/1193 1454/3637/1194
f 1444/3634/1188 1443/3628/1191 1451/3638/1195 1452/3639/1196
f 1442/3635/1190 1441/3630/1192 1449/3640/1197 1450/3641/1198
f 1440/3623/1186 1439/3622/1185 1447/3642/1199 1448/3643/1200
f 1439/3622/1185 1446/3624/1187 1454/3644/1194 1447/3642/1199
f 1445/3626/1189 1444/3625/1188 1452/3645/1196 1453/3636/1193
f 1443/3628/1191 1442/3627/1190 1450/3646/1198 1451/3638/1195
f 1441/3630/1192 1440/3629/1186 1448/3647/1200 1449/3640/1197
f 1449/3640/1197 1448/3647/1200 1456/3648/1201 1457/3649/1202
f 1454/3637/1194 1453/3636/1193 1461/3650/1030 1688/3651/370 1680/3652/369
f 1452/3639/1196 1451/3638/1195 1459/3653/1203 1675/3654/1204 1665/3655/374 1685/3656/373
f 1450/3641/1198 1449/3640/1197 1457/3649/1202 1458/3657/1205
f 1448/3643/1200 1447/3642/1199 1455/3658/1206 1456/3659/1201
f 1447/3642/1199 1454/3644/1194 1680/3660/369 1690/3661/368 1683/3662/416 1455/3658/1206
f 1453/3636/1193 1452/3645/1196 1685/3663/373 1687/3664/372 1461/3650/1030
f 1451/3638/1195 1450/3646/1198 1458/3665/1205 1459/3653/1203
f 1455/3658/1206 1683/3662/416 1691/3666/415
f 1461/3667/1030 1687/967/372 1689/966/371
f 1459/3653/1203 1458/3665/1205 1693/3668/411 1694/3669/410 1692/3670/1207
f 1457/3671/1202 1456/3672/1201 1695/3673/413 1697/3674/412
f 1481/3294/501 1479/3296/502 1258/3675/1208 1251/3676/1209
f 1458/3677/1205 1457/3671/1202 1697/3674/412 1693/3678/411
f 1456/3659/1201 1455/3658/1206 1691/3666/415 1696/3679/414 1695/3680/413
f 1698/3681/344 1674/3682/493 1489/3683/1170 1497/3684/1176 1498/3685/1184
f 1651/3686/504 1225/3687/478 1686/3216/477 1483/3217/1029 1484/3688/1179
f 1224/3689/490 1220/3690/491 1488/3691/1182
f 1477/3288/515 322/3298/516 1257/3692/1210
f 1523/3693/524 1466/3355/523 1288/3354/1081
f 1467/3292/520 1475/3287/521 1253/3694/1211
f 1463/3695/517 322/3298/516 1256/3297/1058
f 1489/3683/1170 1220/3690/491 1224/3689/490 1496/3696/1175 1497/3684/1176
f 1487/3229/1033 1486/3583/1172 1494/3697/1177 1495/3698/1178
f 1485/3699/1173 1484/3700/1179 1492/3701/1180 1493/3702/1181
f 1490/3703/347 1674/3682/493 1698/3681/344
f 1488/3704/1182 1682/3227/1031 1223/3705/489 1224/3706/490
f 1486/3707/1172 1485/3699/1173 1493/3702/1181 1494/3708/1177
f 1484/3688/1179 1483/3217/1029 1491/3709/1183 1492/3710/1180
f 1483/3217/1029 1700/911/346 1699/910/345 1698/909/344 1498/3711/1184 1491/3709/1183
f 1492/3710/1180 1491/3709/1183 1499/3712/1185 1500/3713/1186
f 1491/3709/1183 1498/3711/1184 1506/3714/1187 1499/3712/1185
f 1497/3684/1176 1496/3696/1175 1504/3715/1188 1505/3716/1189
f 1495/3698/1178 1494/3697/1177 1502/3717/1190 1503/3718/1191
f 1493/3702/1181 1492/3701/1180 1500/3719/1186 1501/3720/1192
f 1498/3685/1184 1497/3684/1176 1505/3716/1189 1506/3721/1187
f 1496/3722/1175 1495/3698/1178 1503/3718/1191 1504/3723/1188
f 1494/3708/1177 1493/3702/1181 1501/3720/1192 1502/3724/1190
f 1506/3721/1187 1505/3716/1189 1513/3725/1193 1514/3726/1194
f 1504/3723/1188 1503/3718/1191 1511/3727/1195 1512/3728/1196
f 1502/3724/1190 1501/3720/1192 1509/3729/1197 1510/3730/1198
f 1500/3713/1186 1499/3712/1185 1507/3731/1199 1508/3732/1200
f 1499/3712/1185 1506/3714/1187 1514/3733/1194 1507/3731/1199
f 1505/3716/1189 1504/3715/1188 1512/3734/1196 1513/3725/1193
f 1503/3718/1191 1502/3717/1190 1510/3735/1198 1511/3727/1195
f 1501/3720/1192 1500/3719/1186 1508/3736/1200 1509/3729/1197
f 1509/3729/1197 1508/3736/1200 1516/3737/1201 1517/3738/1202
f 1514/3726/1194 1513/3725/1193 1521/3739/1030 1663/3740/467 1679/3741/466
f 1512/3728/1196 1511/3727/1195 1519/3742/1203 1222/3743/1025 1221/3744/471 1415/3745/470
f 1510/3730/1198 1509/3729/1197 1517/3738/1202 1518/3746/1205
f 1508/3732/1200 1507/3731/1199 1515/3747/1206 1516/3748/1201
f 1507/3731/1199 1514/3733/1194 1679/3579/466 1226/3578/465 1624/3577/485 1515/3747/1206
f 1513/3725/1193 1512/3734/1196 1415/3589/470 1670/3588/469 1521/3739/1030
f 1511/3727/1195 1510/3735/1198 1518/3749/1205 1519/3742/1203
f 1515/3747/1206 1624/3577/485 635/3750/484
f 1521/3218/1030 1670/1211/469 1659/1210/468
f 1519/3742/1203 1518/3749/1205 284/3751/480 1213/3752/479 1219/3753/1024
f 1517/3754/1202 1516/3755/1201 1215/3756/482 317/3757/481
f 1518/3758/1205 1517/3754/1202 317/3757/481 284/3759/480
f 1516/3748/1201 1515/3747/1206 635/3750/484 1214/3760/483 1215/3761/482
f 1475/3287/521 1480/3286/499 1482/3285/500 1252/3762/1212 1253/3694/1211
f 1482/3295/500 1481/3294/501 1251/3676/1209 1252/3763/1212
f 1479/3290/502 1476/3289/503 1477/3288/515 1257/3692/1210 1258/3764/1208
f 1526/3765/1213 1630/3766/21 1635/3767/20 1528/3768/1214
f 1528/3769/1214 1635/3770/20 1636/3771/19 1530/3772/1215
f 1530/3772/1215 1636/3771/19 1638/3773/1216 1532/3774/1217
f 1532/3775/1217 1638/3776/1216 1641/3777/1218 1534/3778/1219
f 1534/3778/1219 1641/3777/1218 1643/3779/1220 1536/3780/1221
f 1536/3781/1221 1643/3782/1220 1646/3783/23 1538/3784/1222
f 1538/3784/1222 1646/3783/23 1648/3785/22 1540/3786/1223
f 1540/3787/1223 1648/3788/22 1630/3766/21 1526/3765/1213
f 1540/3787/1223 1526/3765/1213 1542/3789/1224 1549/3790/1225
f 1549/3790/1225 1542/3789/1224 1550/3791/1226 1557/3792/1227
f 1526/3793/1213 1528/3794/1214 1543/3795/1228 1542/3796/1224
f 1530/3797/1215 1532/3798/1217 1545/3799/1229 1544/3800/1230
f 1536/3781/1221 1538/3784/1222 1548/3801/1231 1547/3802/1232
f 1532/3775/1217 1534/3778/1219 1546/3803/1233 1545/3804/1229
f 1538/3805/1222 1540/3806/1223 1549/3807/1225 1548/3808/1231
f 1528/3769/1214 1530/3772/1215 1544/3809/1230 1543/3810/1228
f 1534/3811/1219 1536/3812/1221 1547/3813/1232 1546/3814/1233
f 1554/3815/1234 1555/3816/1235 1563/3817/1236 1562/3818/1237
f 1547/3802/1232 1548/3801/1231 1556/3819/1238 1555/3820/1235
f 1545/3804/1229 1546/3803/1233 1554/3821/1234 1553/3822/1239
f 1543/3810/1228 1544/3809/1230 1552/3823/1240 1551/3824/1241
f 1548/3801/1231 1549/3825/1225 1557/3826/1227 1556/3819/1238
f 1546/3803/1233 1547/3827/1232 1555/3828/1235 1554/3821/1234
f 1544/3809/1230 1545/3829/1229 1553/3830/1239 1552/3823/1240
f 1542/3789/1224 1543/3831/1228 1551/3832/1241 1550/3791/1226
f 1552/3833/1240 1553/3834/1239 1561/3835/1242 1560/3836/1243
f 1550/3837/1226 1551/3838/1241 1559/3839/1244 1558/3840/1245
f 1557/3841/1227 1550/3837/1226 1558/3840/1245 1565/3842/1246
f 1555/3816/1235 1556/3843/1238 1564/3844/1247 1563/3817/1236
f 1553/3834/1239 1554/3815/1234 1562/3818/1237 1561/3835/1242
f 1551/3838/1241 1552/3833/1240 1560/3836/1243 1559/3839/1244
f 1556/3843/1238 1557/3841/1227 1565/3842/1246 1564/3844/1247
f 1565/3845/1246 1558/3846/1245 1567/3847/1248 1580/3848/1249
f 1563/3849/1236 1564/3850/1247 1578/3851/1250 1576/3852/1251
f 1561/3853/1242 1562/3854/1237 1574/3855/1252 1572/3856/1253
f 1581/3857/1254 1566/3858/1255 1599/3859/10 1605/3860/8
f 1559/3861/1244 1560/3862/1243 1570/3863/1256 1568/3864/1257
f 1564/3850/1247 1565/3865/1246 1580/3866/1249 1578/3851/1250
f 1562/3854/1237 1563/3867/1236 1576/3868/1251 1574/3855/1252
f 1560/3862/1243 1561/3869/1242 1572/3870/1253 1570/3863/1256
f 1567/3871/1248 1568/3872/1257 1582/3873/1258 1583/3874/1259
f 1568/3872/1257 1570/3875/1256 1584/3876/1260 1582/3873/1258
f 1570/3875/1256 1572/3877/1253 1585/3878/1261 1584/3876/1260
f 1572/3877/1253 1574/3879/1252 1586/3880/1262 1585/3878/1261
f 1574/3879/1252 1576/3881/1251 1587/3882/1263 1586/3880/1262
f 1576/3852/1251 1578/3851/1250 1588/3883/1264 1587/3884/1263
f 1578/3885/1250 1580/3886/1249 1589/3887/1265 1588/3888/1264
f 1580/3886/1249 1567/3871/1248 1583/3874/1259 1589/3887/1265
f 1558/3846/1245 1559/3889/1244 1568/3890/1257 1567/3847/1248
f 1569/3891/1266 1566/3892/1255 1583/3874/1259 1582/3873/1258
f 1571/3893/1267 1569/3891/1266 1582/3873/1258 1584/3876/1260
f 1573/3894/1268 1571/3893/1267 1584/3876/1260 1585/3878/1261
f 1575/3895/1269 1573/3894/1268 1585/3878/1261 1586/3880/1262
f 1577/3896/1270 1575/3895/1269 1586/3880/1262 1587/3882/1263
f 1579/3897/1271 1577/3896/1270 1587/3882/1263 1588/3888/1264
f 1581/3898/1254 1579/3897/1271 1588/3888/1264 1589/3887/1265
f 1566/3892/1255 1581/3898/1254 1589/3887/1265 1583/3874/1259
f 1596/3899/1271 1597/3900/1254 1613/3901/1272 1612/3902/1273
f 1577/3903/1270 1579/3904/1271 1604/3905/6 1603/3906/4
f 1573/3907/1268 1575/3908/1269 1602/3909/1 1601/3910/18
f 1569/3911/1266 1571/3912/1267 1600/3913/14 1598/3914/12
f 1579/3904/1271 1581/3915/1254 1605/3916/8 1604/3905/6
f 1575/3908/1269 1577/3917/1270 1603/3918/4 1602/3909/1
f 1571/3912/1267 1573/3919/1268 1601/3920/18 1600/3913/14
f 1566/3858/1255 1569/3921/1266 1598/3922/12 1599/3859/10
f 1591/3923/1266 1590/3924/1255 1599/3925/10 1598/3926/12
f 1592/3927/1267 1591/3923/1266 1598/3926/12 1600/3928/14
f 1593/3929/1268 1592/3927/1267 1600/3928/14 1601/3930/18
f 1594/3931/1269 1593/3929/1268 1601/3930/18 1602/3932/1
f 1595/3933/1270 1594/3931/1269 1602/3932/1 1603/3934/4
f 1596/3935/1271 1595/3933/1270 1603/3934/4 1604/3936/6
f 1597/3937/1254 1596/3935/1271 1604/3936/6 1605/3938/8
f 1590/3924/1255 1597/3937/1254 1605/3938/8 1599/3925/10
f 1607/3939/1274 1608/3940/1275 1616/3941/1276 1615/3942/1277
f 1594/3943/1269 1595/3944/1270 1611/3945/1278 1610/3946/1279
f 1592/3947/1267 1593/3948/1268 1609/3949/1280 1608/3940/1275
f 1590/3950/1255 1591/3951/1266 1607/3952/1274 1606/3953/1281
f 1597/3954/1254 1590/3950/1255 1606/3953/1281 1613/3955/1272
f 1595/3956/1270 1596/3899/1271 1612/3902/1273 1611/3957/1278
f 1593/3958/1268 1594/3943/1269 1610/3946/1279 1609/3959/1280
f 1591/3960/1266 1592/3947/1267 1608/3940/1275 1607/3939/1274
f 1621/3961/1282 1614/3962/1283 1647/3963/1218 1631/3964/1216
f 1612/3965/1273 1613/3966/1272 1621/3967/1282 1620/3968/1284
f 1610/3946/1279 1611/3945/1278 1619/3969/1285 1618/3970/1286
f 1608/3940/1275 1609/3949/1280 1617/3971/1287 1616/3941/1276
f 1606/3953/1281 1607/3952/1274 1615/3972/1277 1614/3962/1283
f 1613/3955/1272 1606/3953/1281 1614/3962/1283 1621/3961/1282
f 1611/3957/1278 1612/3902/1273 1620/3973/1284 1619/3974/1285
f 1609/3959/1280 1610/3946/1279 1618/3970/1286 1617/3975/1287
f 1619/3974/1285 1620/3973/1284 1629/3976/19 1632/3977/20
f 1617/3975/1287 1618/3970/1286 1634/3978/21 1644/3979/22
f 1615/3942/1277 1616/3941/1276 1637/3980/23 1639/3981/1220
f 1620/3973/1284 1621/3982/1282 1631/3983/1216 1629/3976/19
f 1618/3970/1286 1619/3969/1285 1632/3984/20 1634/3978/21
f 1616/3941/1276 1617/3971/1287 1644/3985/22 1637/3980/23
f 1614/3962/1283 1615/3972/1277 1639/3986/1220 1647/3963/1218
f 559/1642/460 1285/1641/459 1283/3987/459 1706/3988/459 1707/3989/459 1284/1637/459 555/1636/457 562/3990/456 561/3991/464 560/3992/463
f 13/37/14 1646/36/23 1643/3993/1220 1641/3994/1218 1638/3995/1216 1636/32/19 5/31/6 7/3996/8 9/3997/10 11/3998/12
f 1638/3999/1216 1641/4000/1218 1643/4001/1220 1646/4002/23 1629/4003/19 1632/4004/20 1634/4005/21 1644/4006/22 1637/4007/23 1636/4008/19
f 1637/4007/23 1644/4006/22 1634/4005/21 1632/4004/20 1629/4003/19 1631/4009/1216 1647/4010/1218 1639/4011/1220
f 1639/4011/1220 1647/4010/1218 1631/4009/1216 1629/4003/19 1646/4002/23 1648/4012/22 1630/4013/21 1635/4014/20 1636/4008/19 1637/4007/23
f 1649/213/84 1626/236/95 1625/235/94 1657/234/93 1655/217/88
f 1537/329/138 1533/350/147 1529/349/146 1527/348/145 1627/333/142
f 1627/333/142 1535/332/141 1623/331/140 1541/330/139 1537/329/138
f 1417/3585/505 1651/4015/504 1484/4016/1179 1485/3586/1173
f 1679/3741/466 1663/3740/467 1522/4017/1171
f 1655/217/88 1653/216/87 1656/215/86 1654/214/85 1649/213/84
f 1415/3745/470 1221/3744/471 1222/3743/1025 1520/4018/1174
f 1665/4019/374 1675/4020/1204 1692/4021/1207 1694/1019/410 347/1018/409 354/4022/375
f 1660/4023/506 1664/4024/505 1425/4025/1173 1426/4026/1172
f 1224/3706/490 1223/3705/489 1682/3227/1031 1487/3229/1033 1495/3698/1178 1496/3722/1175
f 1219/3753/1024 1222/3743/1025 1519/3742/1203
f 1668/3609/1031 1652/4027/1032 1427/3597/1033
f 1671/3607/344 288/3606/493 1429/3592/1170 1437/3596/1176 1438/3631/1184
f 1669/3611/490 1667/3610/489 1668/3609/1031 1427/3597/1033 1435/3600/1178 1436/3633/1175
f 1676/1284/492 1642/1283/491 1429/4028/1170
f 1650/3224/507 1652/4029/1032 1668/4030/1031 1667/4031/489 428/4032/390 427/3225/409
f 318/4033/477 1673/3618/346 1423/3615/1029
f 1687/3664/372 1685/3663/373 1460/4034/1174
f 1664/4024/505 1678/4035/504 1424/4036/1179 1425/4025/1173
f 1689/966/371 1688/965/370 1461/3667/1030
f 1671/3620/344 1672/3619/345 1673/3618/346 1430/4037/347
f 1669/3594/490 1642/3593/491 1428/4038/1182
f 1680/3652/369 1688/3651/370 1462/4039/1171
f 1678/4040/504 1677/4041/478 318/4033/477 1423/3615/1029 1424/3614/1179
f 1685/3656/373 1665/3655/374 1675/3654/1204 1460/4042/1174
f 1652/4027/1032 1650/4043/507 1660/4044/506 1426/3598/1172 1427/3597/1033
f 288/1285/493 1676/1284/492 1429/4028/1170
f 1683/3662/416 1690/3661/368 1680/3660/369 1462/4045/1171
f 1692/3670/1207 1675/3654/1204 1459/3653/1203
f 716/2127/476 717/4046/475 715/4047/474 714/4048/473 718/2123/472
f 731/4049/381 1734/4050/380 1733/4051/379 1727/4052/378 1724/4053/377
f 1739/4054/377 1738/4055/419 1744/4056/418 1748/4057/417 1745/4058/381
f 1721/4059/377 1723/4060/419 1725/4061/418 1730/4062/417 1726/4063/381
f 1724/4053/377 1732/4064/419 1731/4065/418 730/4066/417 731/4049/381
f 758/2170/476 811/4067/475 800/4068/474 774/4069/473 801/2166/472
f 1719/4070/472 1718/4071/488 1712/4072/487 1714/4073/486 1715/4074/476
f 1715/4074/476 1713/4075/475 1717/4076/474 1716/4077/473 1719/4070/472
f 1726/4063/381 1729/4078/380 1728/4079/379 1722/4080/378 1721/4059/377
f 1735/4081/377 772/4082/419 773/4083/418 1743/4084/417 1737/4085/381
f 1737/4085/381 1742/4086/380 1741/4087/379 1736/4088/378 1735/4081/377
f 1720/2241/476 775/4089/475 761/4090/474 771/4091/473 756/2237/472
f 1745/4058/381 1747/4092/383 1746/4093/379 1740/4094/382 1739/4054/377
o buttons_Cylinder.004
v -0.111633 1.027503 -0.102285
v -0.213917 1.027503 -0.144652
v -0.213917 1.027503 -0.054485
v -0.175390 1.027503 -0.038527
v -0.159432 1.027503 -0.000000
v -0.175390 1.027503 0.038527
v -0.213917 1.027503 0.054485
v -0.252444 1.027503 0.038527
v -0.268403 1.027503 -0.000000
v -0.252444 1.027503 -0.038527
v -0.069265 1.027503 0.000000
v -0.111633 1.027503 0.102285
v -0.213917 1.027503 0.144652
v -0.316202 1.027503 0.102285
v -0.358570 1.027503 -0.000000
v -0.316202 1.027503 -0.102285
v -0.111633 1.076544 -0.102285
v -0.213917 1.076544 -0.144652
v -0.069265 1.076544 0.000000
v -0.111633 1.076544 0.102285
v -0.213917 1.076544 0.144652
v -0.316202 1.076544 0.102285
v -0.358570 1.076544 -0.000000
v -0.316202 1.076544 -0.102285
v -0.175390 0.719386 0.038527
v -0.175390 0.719386 -0.038527
v -0.159432 0.719386 -0.000000
v -0.252444 0.719386 0.038527
v -0.213917 0.719386 0.054485
v -0.213917 0.719386 -0.054485
v -0.268403 0.719386 -0.000000
v -0.252444 0.719386 -0.038527
v -0.561715 1.027503 -0.102285
v -0.664000 1.027503 -0.144652
v -0.664000 1.027503 -0.054485
v -0.625473 1.027503 -0.038527
v -0.609515 1.027503 -0.000000
v -0.625473 1.027503 0.038527
v -0.664000 1.027503 0.054485
v -0.702527 1.027503 0.038527
v -0.718486 1.027503 -0.000000
v -0.702527 1.027503 -0.038527
v -0.519347 1.027503 0.000000
v -0.561715 1.027503 0.102285
v -0.664000 1.027503 0.144652
v -0.766284 1.027503 0.102285
v -0.808653 1.027503 -0.000000
v -0.766284 1.027503 -0.102285
v -0.561715 1.076544 -0.102285
v -0.664000 1.076544 -0.144652
v -0.519347 1.076544 0.000000
v -0.561715 1.076544 0.102285
v -0.664000 1.076544 0.144652
v -0.766284 1.076544 0.102285
v -0.808653 1.076544 -0.000000
v -0.766284 1.076544 -0.102285
v -0.625473 0.719386 0.038527
v -0.625473 0.719386 -0.038527
v -0.609515 0.719386 -0.000000
v -0.702527 0.719386 0.038527
v -0.664000 0.719386 0.054485
v -0.664000 0.719386 -0.054485
v -0.718486 0.719386 -0.000000
v -0.702527 0.719386 -0.038527
v -1.011798 1.027503 -0.102285
v -1.114083 1.027503 -0.144652
v -1.114083 1.027503 -0.054485
v -1.075556 1.027503 -0.038527
v -1.059597 1.027503 -0.000000
v -1.075556 1.027503 0.038527
v -1.114083 1.027503 0.054485
v -1.152610 1.027503 0.038527
v -1.168568 1.027503 -0.000000
v -1.152610 1.027503 -0.038527
v -0.969430 1.027503 0.000000
v -1.011798 1.027503 0.102285
v -1.114083 1.027503 0.144652
v -1.216367 1.027503 0.102285
v -1.258735 1.027503 -0.000000
v -1.216367 1.027503 -0.102285
v -1.011798 1.076544 -0.102285
v -1.114083 1.076544 -0.144652
v -0.969430 1.076544 0.000000
v -1.011798 1.076544 0.102285
v -1.114083 1.076544 0.144652
v -1.216367 1.076544 0.102285
v -1.258735 1.076544 -0.000000
v -1.216367 1.076544 -0.102285
v -1.152610 0.719386 0.038527
v -1.114083 0.719386 -0.054485
v -1.114083 0.719386 0.054485
v -1.075556 0.719386 -0.038527
v -1.059598 0.719386 -0.000000
v -1.075556 0.719386 0.038527
v -1.168568 0.719386 -0.000000
v -1.152610 0.719386 -0.038527
vn -0.3827 0.0000 0.9239
vn 0.0000 -1.0000 0.0000
vn 0.3827 0.0000 -0.9239
vn 0.9239 0.0000 -0.3827
vn -0.9239 0.0000 0.3827
vn -0.3827 0.0000 -0.9239
vn 0.0000 1.0000 0.0000
vn 0.9239 0.0000 0.3827
vn -0.9239 0.0000 -0.3827
vn 0.3827 0.0000 0.9239
usemtl (null)
s off
f 1762//1288 1761//1288 1769//1288 1770//1288
f 1752//1289 1751//1289 1750//1289 1749//1289
f 1749//1290 1750//1290 1766//1290 1765//1290
f 1757//1289 1756//1289 1762//1289 1763//1289
f 1759//1291 1749//1291 1765//1291 1767//1291
f 1753//1289 1752//1289 1749//1289 1759//1289
f 1763//1292 1762//1292 1770//1292 1771//1292
f 1756//1289 1755//1289 1761//1289 1762//1289
f 1750//1293 1764//1293 1772//1293 1766//1293
f 1751//1289 1758//1289 1764//1289 1750//1289
f 1765//1294 1766//1294 1772//1294 1771//1294 1770//1294 1769//1294 1768//1294 1767//1294
f 1755//1289 1754//1289 1760//1289 1761//1289
f 1758//1289 1757//1289 1763//1289 1764//1289
f 1760//1295 1759//1295 1767//1295 1768//1295
f 1764//1296 1763//1296 1771//1296 1772//1296
f 1754//1289 1753//1289 1759//1289 1760//1289
f 1761//1297 1760//1297 1768//1297 1769//1297
f 1779//1292 1776//1292 1756//1292 1757//1292
f 1774//1290 1778//1290 1751//1290 1752//1290
f 1776//1288 1777//1288 1755//1288 1756//1288
f 1778//1293 1780//1293 1758//1293 1751//1293
f 1777//1297 1773//1297 1754//1297 1755//1297
f 1775//1291 1774//1291 1752//1291 1753//1291
f 1780//1296 1779//1296 1757//1296 1758//1296
f 1773//1295 1775//1295 1753//1295 1754//1295
f 1780//1294 1779//1294 1776//1294 1777//1294 1773//1294 1775//1294 1774//1294 1778//1294
f 1794//1288 1793//1288 1801//1288 1802//1288
f 1784//1289 1783//1289 1782//1289 1781//1289
f 1781//1290 1782//1290 1798//1290 1797//1290
f 1789//1289 1788//1289 1794//1289 1795//1289
f 1791//1291 1781//1291 1797//1291 1799//1291
f 1785//1289 1784//1289 1781//1289 1791//1289
f 1795//1292 1794//1292 1802//1292 1803//1292
f 1788//1289 1787//1289 1793//1289 1794//1289
f 1782//1293 1796//1293 1804//1293 1798//1293
f 1783//1289 1790//1289 1796//1289 1782//1289
f 1797//1294 1798//1294 1804//1294 1803//1294 1802//1294 1801//1294 1800//1294 1799//1294
f 1787//1289 1786//1289 1792//1289 1793//1289
f 1790//1289 1789//1289 1795//1289 1796//1289
f 1792//1295 1791//1295 1799//1295 1800//1295
f 1796//1296 1795//1296 1803//1296 1804//1296
f 1786//1289 1785//1289 1791//1289 1792//1289
f 1793//1297 1792//1297 1800//1297 1801//1297
f 1805//1295 1807//1295 1785//1295 1786//1295
f 1807//1291 1806//1291 1784//1291 1785//1291
f 1808//1288 1809//1288 1787//1288 1788//1288
f 1810//1293 1812//1293 1790//1293 1783//1293
f 1812//1294 1811//1294 1808//1294 1809//1294 1805//1294 1807//1294 1806//1294 1810//1294
f 1812//1296 1811//1296 1789//1296 1790//1296
f 1809//1297 1805//1297 1786//1297 1787//1297
f 1806//1290 1810//1290 1783//1290 1784//1290
f 1811//1292 1808//1292 1788//1292 1789//1292
f 1840//1290 1838//1290 1815//1290 1816//1290
f 1826//1288 1825//1288 1833//1288 1834//1288
f 1816//1289 1815//1289 1814//1289 1813//1289
f 1813//1290 1814//1290 1830//1290 1829//1290
f 1821//1289 1820//1289 1826//1289 1827//1289
f 1823//1291 1813//1291 1829//1291 1831//1291
f 1817//1289 1816//1289 1813//1289 1823//1289
f 1827//1292 1826//1292 1834//1292 1835//1292
f 1820//1289 1819//1289 1825//1289 1826//1289
f 1814//1293 1828//1293 1836//1293 1830//1293
f 1815//1289 1822//1289 1828//1289 1814//1289
f 1829//1294 1830//1294 1836//1294 1835//1294 1834//1294 1833//1294 1832//1294 1831//1294
f 1819//1289 1818//1289 1824//1289 1825//1289
f 1822//1289 1821//1289 1827//1289 1828//1289
f 1824//1295 1823//1295 1831//1295 1832//1295
f 1828//1296 1827//1296 1835//1296 1836//1296
f 1818//1289 1817//1289 1823//1289 1824//1289
f 1825//1297 1824//1297 1832//1297 1833//1297
f 1844//1296 1843//1296 1821//1296 1822//1296
f 1844//1294 1843//1294 1837//1294 1839//1294 1842//1294 1841//1294 1840//1294 1838//1294
f 1843//1292 1837//1292 1820//1292 1821//1292
f 1841//1291 1840//1291 1816//1291 1817//1291
f 1838//1293 1844//1293 1822//1293 1815//1293
f 1842//1295 1841//1295 1817//1295 1818//1295
f 1839//1297 1842//1297 1818//1297 1819//1297
f 1837//1288 1839//1288 1819//1288 1820//1288
